"order","family","sci_name","common_name","iucn_2024","status","mass_g","habitat","habitat_density","migration","trophic_level","trophic_niche","primary_lifestyle","range_size","lifespan","repro_age","clutches_per_year","kipps_distance","hand_wing_index","nest_type","majority_nesting_location","most_common_nesting_location","second_nesting_location","nest_category","any_tree_nest","ground_nest","shrub_nest","snag_nest","live_tree_nest","conifer_nest","deciduous_nest","majority_foraging_location","most_common_foraging_location","second_foraging_location","av_id","elton_id","d_id","elton_common_name","elton_sci_name","elton_syn","d_sci_name","for_hawking","for_foliage_gleaning","for_bark_gleaning","fstimb","diet_inv","diet_nect","diet_seed","for_strat_ground","for_strat_understory","for_strat_canopy","elevational_range","forest_use","primary_habitat","habitat_breadth","primary_diet","diet_breadth","eco_spec_index","old_growth"
"ANSERIFORMES"," Anatidae","Dendrocygna bicolor","Fulvous Whistling-Duck","LC","Rare/Accidental",756.4,"Wetland","open",2,"Herbivore","Omnivore","Terrestrial",18668766.17,6.5,1,1,65.5,29.7,"cup","ground","ground_nest","float_nest","built.structure",0,60,0,0,0,0,0,"water","water",NA,380,560,20,"Fulvous Whistling-duck","Dendrocygna bicolor",NA,NA,0,0,0,0,0,0,20,0,0,0,1000,0,"Wetland",2,"Seed",3,1.222,0
"ANSERIFORMES"," Anatidae","Anser canagicus","Emperor Goose","LC","Rare/Accidental",2136.5,"Coastal","open",3,"Herbivore","Omnivore","Terrestrial",186745.48,13,3.5,1,181,49.4,"scrape","ground","ground_nest",NA,"open",0,100,0,0,0,0,0,"ground","ground","water",410,611,30,NA,"Chen canagica","Anser canagicus","Chen canagica",0,0,0,0,10,0,0,80,0,0,150,0,"Coastal",2,"Omnivore",3,1.222,0
"ANSERIFORMES"," Anatidae","Anser caerulescens","Snow Goose","LC","",2636.2,"Grassland","open",3,"Herbivore","Herbivore terrestrial","Terrestrial",582038.07,26,3.2,1,214.5,52.5,"scrape","ground","ground_nest",NA,"open",0,100,0,0,0,0,0,"ground","ground","water",411,609,40,NA,"Chen caerulescens","Anser caerulescens","Chen caerulescens",0,0,0,0,0,0,10,80,0,0,2500,0,"Grassland",5,"Plant",3,0.824,0
"ANSERIFORMES"," Anatidae","Anser rossii","Ross's Goose","LC","",1636,"Wetland","open",3,"Herbivore","Herbivore terrestrial","Terrestrial",216140.46,22,2.7,1,188.2,54.4,"scrape","ground","ground_nest",NA,"open",0,100,0,0,0,0,0,"ground","ground","water",412,610,50,NA,"Chen rossii","Anser rossii","Chen rossii",0,0,0,0,0,0,0,80,0,0,2500,0,"Wetland",4,"Plant",3,0.921,0
"ANSERIFORMES"," Anatidae","Anser albifrons","Greater White-fronted Goose","LC","",2506.4,"Grassland","open",3,"Herbivore","Herbivore terrestrial","Terrestrial",5891602.97,22,3,1,213.8,52.6,"scrape","ground","ground_nest",NA,"open",0,100,0,0,0,0,0,"ground","ground","water",418,603,60,"Greater White-fronted Goose","Anser albifrons",NA,NA,0,0,0,0,0,0,0,80,0,0,2500,0,"Grassland",5,"Seed",3,0.824,0
"ANSERIFORMES"," Anatidae","Anser erythropus","Lesser White-fronted Goose","VU","Uncertain origin Vulnerable",1755.5,"Grassland","open",3,"Herbivore","Herbivore terrestrial","Terrestrial",2594919.27,NA,NA,NA,195.5,53.1,NA,NA,NA,NA,NA,NA,NA,NA,NA,NA,NA,NA,"ground","ground","water",419,606,NA,"Lesser White-fronted Goose",NA,NA,NA,NA,NA,NA,NA,0,0,0,80,0,0,700,0,"Grassland",4,"Plant",1,1.398,0
"ANSERIFORMES"," Anatidae","Anser fabalis","Taiga Bean-Goose","LC","Rare/Accidental",2754.7,"Wetland","open",3,"Herbivore","Herbivore terrestrial","Terrestrial",13919541.37,NA,NA,NA,225.4,50.2,NA,NA,NA,NA,NA,NA,NA,NA,NA,NA,NA,NA,"ground","ground","water",416,600,NA,"Bean Goose",NA,NA,NA,NA,NA,NA,NA,0,0,0,80,0,0,500,0,"Wetland",3,"Plant",3,1.046,0
"ANSERIFORMES"," Anatidae","Anser brachyrhynchus","Pink-footed Goose","LC","Uncertain origin",2642,"Grassland","open",3,"Herbivore","Herbivore terrestrial","Terrestrial",190949.74,NA,NA,NA,210.8,49.3,NA,NA,NA,NA,NA,NA,NA,NA,NA,NA,NA,NA,"ground","ground","water",417,599,NA,"Pink-footed Goose",NA,NA,NA,NA,NA,NA,NA,0,0,0,60,0,0,700,0,"Grassland",4,"Plant",3,0.921,0
"ANSERIFORMES"," Anatidae","Branta bernicla","Brant","LC","",1277.9,"Grassland","open",3,"Herbivore","Herbivore terrestrial","Terrestrial",3125724.3,21,2.3,1,167.7,52.3,"scrape","ground","ground_nest",NA,"open",0,100,0,0,0,0,0,"ground","ground","water",404,616,70,"Brent Goose","Branta bernicla",NA,NA,0,0,0,0,0,0,0,60,0,0,NA,0,"Grassland",4,"Plant",2,1.097,0
"ANSERIFORMES"," Anatidae","Branta hutchinsii","Cackling Goose","LC","Rare/Accidental",2811.7,"Grassland","open",3,"Herbivore","Herbivore terrestrial","Terrestrial",1274687.67,28,3,1,176.6,44.6,"scrape","ground","ground_nest",NA,"open",0,100,0,0,0,0,0,"ground","ground","water",407,19813,85,"Cackling Goose","Branta hutchinsii",NA,NA,0,0,0,0,0,0,0,60,0,0,2000,0,"Grassland",5,"Plant",3,0.824,0
"ANSERIFORMES"," Anatidae","Branta canadensis","Canada Goose","LC","",2811.7,"Grassland","open",3,"Herbivore","Herbivore terrestrial","Terrestrial",12236810.45,28,3,1,206.5,49.4,"scrape","ground","ground_nest",NA,"open",0,100,0,0,0,0,0,"ground","ground","water",408,613,80,"Canada Goose","Branta canadensis",NA,NA,0,0,0,0,0,0,0,60,0,0,2000,0,"Wetland",8,"Plant",2,0.796,0
"ANSERIFORMES"," Anatidae","Cygnus olor","Mute Swan","LC","Introduced species",10682,"Wetland","open",3,"Herbivore","Herbivore aquatic","Aquatic",4915289.2,16,3,1.1,244.9,42.1,"platform","ground","ground_nest",NA,"platform",0,100,0,0,0,0,0,"water","water",NA,400,586,90,"Mute Swan","Cygnus olor",NA,NA,0,0,0,0,10,0,0,0,0,0,NA,0,"Wetland",4,"Plant",1,1.398,0
"ANSERIFORMES"," Anatidae","Cygnus buccinator","Trumpeter Swan","LC","",11071.1,"Wetland","open",3,"Herbivore","Herbivore aquatic","Aquatic",1375549.41,25,5.5,0.8,267,42.7,"platform","ground","ground_nest",NA,"platform",0,100,0,0,0,0,0,"water","water",NA,401,590,100,"Trumpeter Swan","Cygnus buccinator",NA,NA,0,0,0,0,10,0,20,0,0,0,NA,0,"Wetland",3,"Plant",3,1.046,0
"ANSERIFORMES"," Anatidae","Cygnus columbianus","Tundra Swan","LC","",6378,"Wetland","open",3,"Herbivore","Herbivore aquatic","Aquatic",5272186.12,21,6,1,243.8,45.3,"platform","ground","ground_nest",NA,"platform",0,100,0,0,0,0,0,NA,"ground","water",403,591,110,"Tundra Swan","Cygnus columbianus",NA,NA,0,0,0,0,0,0,0,50,0,0,2100,0,"Wetland",5,"Plant",3,0.824,0
"ANSERIFORMES"," Anatidae","Cygnus cygnus","Whooper Swan","LC","Rare/Accidental",9350,"Wetland","open",3,"Herbivore","Herbivore aquatic","Aquatic",17099815.6,NA,NA,NA,260.5,44.8,NA,NA,NA,NA,NA,NA,NA,NA,NA,NA,NA,NA,"water","water","ground",402,589,NA,"Whooper Swan",NA,NA,NA,NA,NA,NA,NA,0,0,0,20,0,0,700,2,"Wetland",6,"Plant",3,0.745,0
"ANSERIFORMES"," Anatidae","Aix sponsa","Wood Duck","LC","",657.6,"Wetland","open",1,"Herbivore","Omnivore","Generalist",6191757.66,15,1,2,108.5,49.4,"cavity","tree","any_tree_nest","live_tree_nest","cavity",95,5,0,45,50,0,50,"water","water","ground",467,659,120,"Wood Duck","Aix sponsa",NA,NA,0,0,0,0,0,0,50,20,0,0,900,3,"Wetland",4,"Omnivore",4,0.796,0
"ANSERIFORMES"," Anatidae","Sibirionetta formosa","Baikal Teal","LC","Rare/Accidental",434,"Wetland","open",3,"Herbivore","Herbivore aquatic","Aquatic",3744079.85,NA,NA,NA,116.3,57,NA,NA,NA,NA,NA,NA,NA,NA,NA,NA,NA,NA,"water","water","ground",511,713,NA,NA,NA,NA,"Anas formosa",NA,NA,NA,NA,10,0,20,30,0,0,2650,0,"Wetland",5,"Herbivore",3,0.824,0
"ANSERIFORMES"," Anatidae","Spatula querquedula","Garganey","LC","Rare/Accidental",325.6,"Wetland","open",3,"Omnivore","Herbivore aquatic","Aquatic",16861397.11,NA,NA,NA,105.6,56.1,NA,NA,NA,NA,NA,NA,NA,NA,NA,NA,NA,NA,"water","water",NA,501,712,NA,NA,NA,NA,"Anas querquedula",NA,NA,NA,NA,40,0,10,0,0,0,1200,0,"Wetland",3,"Omnivore",5,0.824,0
"ANSERIFORMES"," Anatidae","Spatula discors","Blue-winged Teal","LC","",359.4,"Wetland","open",3,"Omnivore","Herbivore aquatic","Aquatic",8349222.13,17,1,1,98.7,53.8,"scrape","ground","ground_nest",NA,"open",0,100,0,0,0,0,0,"water","water",NA,510,690,130,NA,"Anas discors","Spatula discors","Anas discors",0,0,0,0,10,0,30,0,0,0,3600,3,"Wetland",4,"Omnivore",3,0.921,0
"ANSERIFORMES"," Anatidae","Spatula cyanoptera","Cinnamon Teal","LC","",377.5,"Wetland","open",2,"Herbivore","Herbivore aquatic","Aquatic",6567683.13,17.4,1,1,94.8,51,"scrape","ground","ground_nest",NA,"open",0,100,0,0,0,0,0,"water","water",NA,509,691,140,NA,"Anas cyanoptera","Spatula cyanoptera","Anas cyanoptera",0,0,0,0,20,0,30,0,0,0,3800,0,"Wetland",1,"Omnivore",3,1.523,0
"ANSERIFORMES"," Anatidae","Spatula clypeata","Northern Shoveler","LC","",612.6,"Wetland","open",3,"Omnivore","Aquatic predator","Aquatic",27068888.24,13,1,1,130.2,58,"scrape","ground","ground_nest",NA,"open",0,100,0,0,0,0,0,"water","water",NA,508,695,150,NA,"Anas clypeata","Spatula clypeata","Anas clypeata",0,0,0,0,60,0,20,0,0,0,4000,0,"Wetland",4,"Invertebrate",3,0.921,0
"ANSERIFORMES"," Anatidae","Mareca strepera","Gadwall","LC","",915.6,"Wetland","open",2,"Herbivore","Herbivore aquatic","Aquatic",18552362.65,22,1,1,137,54.8,"scrape","ground","ground_nest","live_tree_nest","open",5,95,0,0,5,0,5,"water","water","ground",513,671,160,NA,"Anas strepera","Mareca strepera","Anas strepera",0,0,0,0,0,0,30,20,0,0,2730,0,"Wetland",5,"Plant",2,1,0
"ANSERIFORMES"," Anatidae","Mareca falcata","Falcated Duck","LC","Rare/Accidental",645.8,"Wetland","open",3,"Herbivore","Herbivore aquatic","Aquatic",5490157.81,NA,NA,NA,129.5,54.5,NA,NA,NA,NA,NA,NA,NA,NA,NA,NA,NA,NA,"water","water","ground",512,672,NA,NA,NA,NA,"Anas falcata",NA,NA,NA,NA,10,0,30,30,0,0,NA,0,"Wetland",5,"Plant",3,0.824,0
"ANSERIFORMES"," Anatidae","Mareca penelope","Eurasian Wigeon","LC","",770,"Wetland","open",3,"Herbivore","Omnivore","Terrestrial",16342850.08,21,1.5,1,143,57.2,"scrape","ground","ground_nest",NA,"open",0,100,0,0,0,0,0,NA,"ground","water",514,673,175,NA,"Mareca penelope","Mareca penelope","Anas penelope",0,0,0,0,0,0,20,50,0,0,3650,3,"Wetland",3,"Plant",2,1.222,0
"ANSERIFORMES"," Anatidae","Mareca americana","American Wigeon","LC","",754.6,"Wetland","open",3,"Herbivore","Omnivore","Terrestrial",8979266.49,21,1.5,1,135.4,53.7,"scrape","ground","ground_nest",NA,"open",0,100,0,0,0,0,0,NA,"ground","water",515,674,170,NA,"Anas americana","Mareca americana","Anas americana",0,0,0,0,0,0,0,50,0,0,NA,0,"Wetland",4,"Plant",3,0.921,0
"ANSERIFORMES"," Anatidae","Anas platyrhynchos","Mallard","LC","",843.4,"Wetland","open",2,"Herbivore","Herbivore aquatic","Aquatic",39707247.47,29,1,1.1,133.5,50.7,"scrape","ground","ground_nest",NA,"open",0,100,0,0,0,0,0,"water","water","ground",525,679,180,"Mallard","Anas platyrhynchos",NA,NA,0,0,0,0,40,0,20,20,0,0,2000,0,"Wetland",4,"Omnivore",4,0.796,0
"ANSERIFORMES"," Anatidae","Anas rubripes","American Black Duck","LC","Rare/Accidental",1241,"Wetland","open",2,"Omnivore","Herbivore aquatic","Aquatic",4118764.61,26,1,1,136.5,51.4,"scrape","ground","ground_nest","live_tree_nest","open",5,95,0,0,5,0,5,"water","water",NA,526,677,190,"American Black Duck","Anas rubripes",NA,NA,0,0,0,0,40,0,30,0,0,0,NA,4,"Wetland",4,"Omnivore",3,0.921,0
"ANSERIFORMES"," Anatidae","Anas acuta","Northern Pintail","LC","",944.6,"Wetland","open",3,"Herbivore","Herbivore aquatic","Aquatic",28403500.77,21,1,0.9,148.4,57.8,"scrape","ground","ground_nest",NA,"open",0,100,0,0,0,0,0,"water","water","ground",541,708,210,"Northern Pintail","Anas acuta",NA,NA,0,0,0,0,20,0,20,30,0,0,4000,0,"Wetland",5,"Omnivore",3,0.824,0
"ANSERIFORMES"," Anatidae","Anas crecca","Green-winged Teal","LC","",341.9,"Wetland","open",2,"Herbivore","Herbivore aquatic","Aquatic",31784516.68,20.5,1,1,96.6,53.5,"scrape","ground","ground_nest",NA,"open",0,100,0,0,0,0,0,"water","water",NA,545,714,220,"Common Teal","Anas crecca",NA,NA,0,0,0,0,30,0,20,0,0,0,3350,0,"Wetland",2,"Omnivore",3,1.222,0
"ANSERIFORMES"," Anatidae","Aythya valisineria","Canvasback","LC","",1202,"Wetland","open",3,"Herbivore","Herbivore aquatic","Aquatic",3654390.23,22,1.25,1,93.4,42,"cup","float","float_nest",NA,"built.structure",0,0,0,0,0,0,0,"water","water",NA,482,728,230,"Canvasback","Aythya valisineria",NA,NA,0,0,0,0,10,0,20,0,0,0,1200,0,"Wetland",3,"Omnivore",3,1.046,0
"ANSERIFORMES"," Anatidae","Aythya americana","Redhead","LC","",1075.7,"Wetland","open",3,"Herbivore","Herbivore aquatic","Aquatic",5111761.27,21,1.1,1,104.6,46,"cup","float","float_nest",NA,"built.structure",0,0,0,0,0,0,0,"water","water",NA,481,729,240,"Redhead","Aythya americana",NA,NA,0,0,0,0,10,0,20,0,0,0,NA,0,"Wetland",2,"Omnivore",3,1.222,0
"ANSERIFORMES"," Anatidae","Aythya ferina","Common Pochard","VU","Rare/Accidental Vulnerable",823,"Wetland","open",1,"Herbivore","Herbivore aquatic","Aquatic",16611109.18,NA,NA,NA,104.4,50.1,NA,NA,NA,NA,NA,NA,NA,NA,NA,NA,NA,NA,"water","water",NA,480,727,NA,"Common Pochard",NA,NA,NA,NA,NA,NA,NA,10,0,20,0,0,0,2690,0,"Wetland",4,"Omnivore",5,0.699,0
"ANSERIFORMES"," Anatidae","Aythya collaris","Ring-necked Duck","LC","",704.6,"Wetland","open",3,"Omnivore","Herbivore aquatic","Aquatic",4899833.68,20,1,1,92.6,48.2,"scrape","ground","ground_nest","float_nest","open",0,60,0,0,0,0,0,"water","water",NA,488,730,250,"Ring-necked Duck","Aythya collaris",NA,NA,0,0,0,0,20,0,20,0,0,0,2500,4,"Wetland",4,"Omnivore",3,0.921,0
"ANSERIFORMES"," Anatidae","Aythya fuligula","Tufted Duck","LC","Rare/Accidental",701.2,"Wetland","open",2,"Omnivore","Herbivore aquatic","Aquatic",20377977.97,18,1.5,1,99,50.1,"scrape","ground","ground_nest",NA,"open",0,100,0,0,0,0,0,"water","water",NA,489,736,271,"Tufted Duck","Aythya fuligula",NA,NA,0,0,0,0,50,0,20,0,0,0,3000,0,"Wetland",4,"Omnivore",3,0.921,0
"ANSERIFORMES"," Anatidae","Aythya marila","Greater Scaup","LC","Rare/Accidental",1005.4,"Wetland","open",3,"Omnivore","Aquatic predator","Aquatic",11929401.28,22,1,1,104.1,48.9,"scrape","ground","ground_nest",NA,"open",0,100,0,0,0,0,0,"water","water",NA,490,738,260,"Greater Scaup","Aythya marila",NA,NA,0,0,0,0,80,0,10,0,0,0,NA,5,"Wetland",5,"Omnivore",3,0.824,0
"ANSERIFORMES"," Anatidae","Aythya affinis","Lesser Scaup","LC","",819.5,"Wetland","open",3,"Omnivore","Aquatic predator","Aquatic",5052907.86,18.3,1.5,1,101,51,"scrape","ground","ground_nest",NA,"open",0,100,0,0,0,0,0,"water","water",NA,491,739,270,"Lesser Scaup","Aythya affinis",NA,NA,0,0,0,0,20,0,30,0,0,0,NA,0,"Wetland",5,"Invertebrate",3,0.824,0
"ANSERIFORMES"," Anatidae","Polysticta stelleri","Steller's Eider","VU","Rare/Accidental Vulnerable",806.8,"Marine","open",3,"Carnivore","Aquatic predator","Aquatic",2209280.29,12,2.5,1,99.8,49.1,"scrape","ground","ground_nest",NA,"open",0,100,0,0,0,0,0,"water","water",NA,424,745,280,"Steller's Eider","Polysticta stelleri",NA,NA,0,0,0,0,80,0,0,0,0,0,NA,0,"Sea",4,"Invertebrate",1,1.398,0
"ANSERIFORMES"," Anatidae","Somateria fischeri","Spectacled Eider","NT","Rare/Accidental Near-threatened",1557.2,"Coastal","open",2,"Carnivore","Aquatic predator","Aquatic",1068843.97,8,2.5,1,110.7,45,"scrape","ground","ground_nest",NA,"open",0,100,0,0,0,0,0,"water","water",NA,421,744,290,"Spectacled Eider","Somateria fischeri",NA,NA,0,0,0,0,70,0,10,0,0,0,NA,0,"Coastal",4,"Invertebrate",3,0.921,0
"ANSERIFORMES"," Anatidae","Somateria spectabilis","King Eider","LC","Rare/Accidental",1616.7,"Marine","open",3,"Carnivore","Aquatic predator","Aquatic",3200134.05,15,3,0.9,130.8,48.9,"scrape","ground","ground_nest",NA,"open",0,100,0,0,0,0,0,"water","water",NA,422,743,300,"King Eider","Somateria spectabilis",NA,NA,0,0,0,0,80,0,10,0,0,0,100,0,"Sea",4,"Invertebrate",2,1.097,0
"ANSERIFORMES"," Anatidae","Somateria mollissima","Common Eider","NT","Rare/Accidental Near-threatened",2060.9,"Marine","open",2,"Carnivore","Aquatic predator","Aquatic",3321100.72,21,3.5,0.75,126.2,44.9,"scrape","ground","ground_nest",NA,"open",0,100,0,0,0,0,0,"water","water",NA,423,740,310,"Common Eider","Somateria mollissima",NA,NA,0,0,0,0,70,0,0,0,0,0,NA,0,"Sea",5,"Invertebrate",2,1,0
"ANSERIFORMES"," Anatidae","Histrionicus histrionicus","Harlequin Duck","LC","",561.6,"Marine","open",2,"Carnivore","Aquatic predator","Aquatic",7912681.94,10,2.5,1,95,50,"scrape","ground","ground_nest",NA,"open",0,100,0,0,0,0,0,"water","water",NA,441,747,320,"Harlequin Duck","Histrionicus histrionicus",NA,NA,0,0,0,0,100,0,0,0,0,0,1890,0,"Riparian",3,"Invertebrate",1,1.523,0
"ANSERIFORMES"," Anatidae","Melanitta perspicillata","Surf Scoter","LC","",1096.3,"Wetland","open",3,"Carnivore","Aquatic predator","Aquatic",4808381.84,10,2.5,0.9,115,51.2,"scrape","ground","ground_nest",NA,"open",0,100,0,0,0,0,0,"water","water",NA,425,752,330,"Surf Scoter","Melanitta perspicillata",NA,NA,0,0,0,0,80,0,10,0,0,0,800,4,"Wetland",4,"Invertebrate",3,0.921,0
"ANSERIFORMES"," Anatidae","Melanitta deglandi","White-winged Scoter","LC","",1800.2,"Wetland","open",3,"Carnivore","Aquatic predator","Aquatic",4842634.82,21,2.5,1,134.5,49.8,"scrape","ground","ground_nest",NA,"open",0,100,0,0,0,0,0,"water","water",NA,428,753,340,NA,"Melanitta fusca","Melanitta deglandi","Melanitta fusca",0,0,0,0,80,0,0,0,0,0,NA,2,"Wetland",3,"Invertebrate",2,1.222,0
"ANSERIFORMES"," Anatidae","Melanitta americana","Black Scoter","NT","Near-threatened",1117,"Wetland","open",3,"Carnivore","Aquatic predator","Aquatic",3674284.73,16,2.5,0.9,105.2,47.9,"scrape","ground","ground_nest",NA,"open",0,100,0,0,0,0,0,"water","water",NA,430,749,350,NA,"Melanitta nigra",NA,"Melanitta nigra",0,0,0,0,70,0,10,0,0,0,NA,0,"Wetland",2,"Invertebrate",2,1.398,0
"ANSERIFORMES"," Anatidae","Clangula hyemalis","Long-tailed Duck","VU","Vulnerable",871,"Wetland","open",3,"Carnivore","Aquatic predator","Aquatic",9492361.68,20,2.5,1,108.5,50.9,"scrape","ground","ground_nest",NA,"open",0,100,0,0,0,0,0,"water","water",NA,420,748,360,"Long-tailed Duck","Clangula hyemalis",NA,NA,0,0,0,0,80,0,0,0,0,0,NA,0,"Wetland",4,"Invertebrate",2,1.097,0
"ANSERIFORMES"," Anatidae","Bucephala albeola","Bufflehead","LC","",397.5,"Wetland","open",3,"Carnivore","Aquatic predator","Aquatic",4859143.91,18,2,1,75,47.4,"cavity","tree","any_tree_nest","live_tree_nest","cavity",100,0,0,40,60,30,30,"water","water",NA,431,760,370,"Bufflehead","Bucephala albeola",NA,NA,0,0,0,0,70,0,10,0,0,0,2500,0,"Wetland",4,"Invertebrate",3,0.921,0
"ANSERIFORMES"," Anatidae","Bucephala clangula","Common Goldeneye","LC","",918.6,"Wetland","open",3,"Carnivore","Aquatic predator","Aquatic",22082935.41,11.5,2,1,105.4,51.4,"cavity","tree","any_tree_nest","snag_nest","cavity",90,5,0,50,40,10,30,"water","water",NA,432,757,380,"Common Goldeneye","Bucephala clangula",NA,NA,0,0,0,0,70,0,10,0,0,0,2000,0,"Wetland",3,"Invertebrate",4,0.921,0
"ANSERIFORMES"," Anatidae","Bucephala islandica","Barrow's Goldeneye","LC","",921.2,"Wetland","open",2,"Carnivore","Aquatic predator","Aquatic",2257979.96,18,2.5,1,103,47.2,"cavity","tree","any_tree_nest","snag_nest","cavity",95,0,0,50,45,15,30,"water","water",NA,433,759,390,"Barrow's Goldeneye","Bucephala islandica",NA,NA,0,0,0,0,80,0,10,0,0,0,1850,0,"Wetland",3,"Invertebrate",3,1.046,0
"ANSERIFORMES"," Anatidae","Mergellus albellus","Smew","LC","Rare/Accidental",608.6,"Wetland","open",3,"Carnivore","Aquatic predator","Aquatic",11990223.32,NA,NA,NA,98.8,53.8,NA,NA,NA,NA,NA,NA,NA,NA,NA,NA,NA,NA,"water","water",NA,434,761,NA,"Smew",NA,NA,NA,NA,NA,NA,NA,70,0,0,0,0,0,NA,5,"Wetland",6,"Fish",2,0.921,0
"ANSERIFORMES"," Anatidae","Lophodytes cucullatus","Hooded Merganser","LC","",613.8,"Wetland","open",3,"Carnivore","Aquatic predator","Aquatic",5510396.5,11,2,1,95,50.9,"cavity","snag","any_tree_nest","snag_nest","cavity",100,0,0,60,40,0,40,"water","water",NA,435,762,400,"Hooded Merganser","Lophodytes cucullatus",NA,NA,0,0,0,0,40,0,10,0,0,0,1180,0,"Wetland",3,"Invertebrate",2,1.222,0
"ANSERIFORMES"," Anatidae","Mergus merganser","Common Merganser","LC","",1451,"Riverine","open",3,"Carnivore","Aquatic predator","Aquatic",24915961.61,12.5,2.5,1,123.8,46,"cavity","tree","any_tree_nest","snag_nest","cavity",85,5,0,50,35,15,20,"water","water",NA,436,767,410,"Common Merganser","Mergus merganser",NA,NA,0,0,0,0,10,0,0,0,0,0,2800,4,"Wetland",4,"Fish",2,1.097,0
"ANSERIFORMES"," Anatidae","Mergus serrator","Red-breasted Merganser","LC","",1015.2,"Wetland","open",3,"Carnivore","Aquatic predator","Aquatic",23632905.44,12,2.7,1,114.8,49.3,"scrape","ground","ground_nest",NA,"open",0,100,0,0,0,0,0,"water","water",NA,438,764,420,"Red-breasted Merganser","Mergus serrator",NA,NA,0,0,0,0,20,0,0,0,0,0,NA,0,"Wetland",4,"Fish",2,1.097,0
"ANSERIFORMES"," Anatidae","Oxyura jamaicensis","Ruddy Duck","LC","",608.2,"Wetland","open",1,"Omnivore","Aquatic predator","Aquatic",6731653.66,13,1.25,1.2,59.5,41.9,"scrape","ground","ground_nest",NA,"open",0,100,0,0,0,0,0,"water","water",NA,387,573,440,"Ruddy Duck","Oxyura jamaicensis",NA,NA,0,0,0,0,60,0,40,0,0,0,2200,0,"Wetland",2,"Invertebrate",2,1.398,0
"GALLIFORMES","Odontophoridae","Oreortyx pictus","Mountain Quail","LC","Introduced species",233,"Shrubland","semiopen",1,"Herbivore","Omnivore","Terrestrial",346065.66,3,1,1.5,41.4,31.6,"scrape","ground","ground_nest",NA,"open",0,100,0,0,0,0,0,"ground","ground","understory",152,463,460,"Mountain Quail","Oreortyx pictus",NA,NA,0,0,0,0,0,0,40,80,20,0,2300,2,"Shrub",3,"Herbivore",3,1.046,0
"GALLIFORMES","Odontophoridae","Callipepla californica","California Quail","LC","Introduced species",165.7,"Shrubland","semiopen",1,"Herbivore","Omnivore","Terrestrial",1087257.04,6.5,1,1.25,28.3,26.2,"scrape","ground","ground_nest",NA,"open",0,100,0,0,0,0,0,"ground","ground",NA,160,466,490,"California Quail","Callipepla californica",NA,NA,0,0,0,0,0,0,50,100,0,0,2590,3,"Shrub",5,"Seed",3,0.824,0
"GALLIFORMES","Phasianidae","Meleagris gallopavo","Wild Turkey","LC","Introduced species",5791.4,"Forest","semiopen",1,"Herbivore","Omnivore","Terrestrial",7259958.92,10,1,1,115,26,"scrape","ground","ground_nest",NA,"open",0,100,0,0,0,0,0,"ground","ground","understory",350,439,650,"Wild Turkey","Meleagris gallopavo",NA,NA,0,0,0,0,20,0,20,90,10,0,2200,1,"Forest",4,"Herbivore",4,0.796,0
"GALLIFORMES","Phasianidae","Bonasa umbellus","Ruffed Grouse","LC","",530.9,"Shrubland","dense",1,"Herbivore","Herbivore terrestrial","Generalist",8071254.33,8.5,1,1,69.8,38.3,"scrape","ground","ground_nest",NA,"open",0,100,0,0,0,0,0,"ground","ground","understory",352,434,550,"Ruffed Grouse","Bonasa umbellus",NA,NA,0,60,0,0,10,0,0,60,40,0,1000,2,"Shrub",2,"Plant",2,1.398,0
"GALLIFORMES","Phasianidae","Centrocercus urophasianus","Greater Sage-Grouse","NT","Extirpated Near-threatened",1902.5,"Shrubland","open",1,"Herbivore","Herbivore terrestrial","Terrestrial",1315889.14,10,1.25,1,115.6,38.7,"scrape","ground","ground_nest",NA,"open",0,100,0,0,0,0,0,"ground","ground",NA,367,435,560,"Greater Sage-grouse","Centrocercus urophasianus",NA,NA,0,20,0,0,10,0,0,100,0,0,NA,0,"Grassland",3,"Plant",3,1.046,0
"GALLIFORMES","Phasianidae","Dendragapus obscurus","Dusky Grouse","LC","",1047.3,"Forest","dense",1,"Herbivore","Herbivore terrestrial","Generalist",1526017.86,12,1,1,89.3,39.4,"scrape","ground","ground_nest",NA,"open",0,100,0,0,0,0,0,"ground","ground",NA,358,420,610,"Dusky Grouse","Dendragapus obscurus",NA,NA,0,40,0,0,0,0,0,100,0,0,730,1,"Forest",3,"Plant",3,1.046,1
"GALLIFORMES","Phasianidae","Dendragapus fuliginosus","Sooty Grouse","LC","",1047.3,"Forest","semiopen",1,"Herbivore","Herbivore terrestrial","Generalist",577232.09,12,1,1,88.8,39.9,"scrape","ground","ground_nest",NA,"open",0,100,0,0,0,0,0,"ground","ground",NA,359,19811,615,"Sooty Grouse","Dendragapus fuliginosus",NA,NA,0,40,0,0,0,0,0,100,0,0,2300,1,"Forest",1,"Plant",3,1.523,0
"GALLIFORMES","Phasianidae","Tympanuchus phasianellus","Sharp-tailed Grouse","LC","",882.4,"Grassland","open",1,"Herbivore","Herbivore terrestrial","Terrestrial",6080574.6,7.5,1,1,79.4,39.6,"scrape","ground","ground_nest",NA,"open",0,100,0,0,0,0,0,"ground","ground",NA,369,436,620,"Sharp-tailed Grouse","Tympanuchus phasianellus",NA,NA,0,10,0,0,10,0,10,100,0,0,NA,3,"Grassland",5,"Plant",4,0.699,0
"GALLIFORMES","Phasianidae","Lagopus leucura","White-tailed Ptarmigan","LC","",355,"Grassland","open",1,"Herbivore","Herbivore terrestrial","Terrestrial",1777806.95,13.5,1,1,71.7,40.4,"scrape","ground","ground_nest",NA,"open",0,100,0,0,0,0,0,"ground","ground",NA,357,427,600,"White-tailed Ptarmigan","Lagopus leucura",NA,NA,0,0,0,0,0,0,0,100,0,0,3446,0,"Grassland",2,"Plant",2,1.398,0
"GALLIFORMES","Phasianidae","Lagopus lagopus","Willow Ptarmigan","LC","",566.9,"Grassland","open",1,"Herbivore","Herbivore terrestrial","Terrestrial",24300173.65,8.5,1.25,1,75.7,39,"scrape","ground","ground_nest",NA,"open",0,100,0,0,0,0,0,"ground","ground",NA,355,423,580,"Willow Ptarmigan","Lagopus lagopus",NA,NA,0,40,0,0,0,0,0,100,0,0,1980,2,"Grassland",6,"Plant",4,0.62,0
"GALLIFORMES","Phasianidae","Lagopus muta","Rock Ptarmigan","LC","",535.3,"Grassland","open",1,"Herbivore","Herbivore terrestrial","Terrestrial",14996056.99,5,1,1,85.8,46.1,"scrape","ground","ground_nest",NA,"open",0,100,0,0,0,0,0,"ground","ground","understory",356,426,590,"Rock Ptarmigan","Lagopus muta",NA,NA,0,0,0,0,0,0,10,80,20,0,3934,0,"Grassland",2,"Plant",2,1.398,0
"GALLIFORMES","Phasianidae","Canachites canadensis","Spruce Grouse","LC","",473.7,"Forest","dense",1,"Herbivore","Herbivore terrestrial","Terrestrial",6032495.4,6.5,1.4,1,62.4,34.9,"scrape","ground","ground_nest",NA,"open",0,100,0,0,0,0,0,"ground","ground",NA,361,417,570,NA,"Dendragapus canadensis","Canachites canadensis","Dendragapus canadensis",0,50,0,0,0,0,0,100,0,0,3600,1,"Forest",2,"Plant",2,1.398,1
"GALLIFORMES","Phasianidae","Perdix perdix","Gray Partridge","LC","Introduced species",405.3,"Grassland","open",1,"Herbivore","Omnivore","Terrestrial",10032916.79,4.6,1,1,51,33.8,"scrape","ground","ground_nest",NA,"open",0,100,0,0,0,0,0,"ground","ground",NA,347,294,540,"Grey Partridge","Perdix perdix",NA,NA,0,0,0,0,30,0,30,100,0,0,2600,0,"Grassland",4,"Seed",3,0.921,0
"GALLIFORMES","Phasianidae","Phasianus colchicus","Ring-necked Pheasant","LC","Introduced species",1120.3,"Human Modified","semiopen",1,"Herbivore","Omnivore","Terrestrial",7426719.32,11,1,1,61.3,25.8,"scrape","ground","ground_nest",NA,"open",0,100,0,0,0,0,0,"ground","ground",NA,329,393,530,"Common Pheasant","Phasianus colchicus",NA,NA,0,0,0,0,10,0,30,100,0,0,3500,0,"Artificial",4,"Herbivore",4,0.796,0
"GALLIFORMES","Phasianidae","Phasianus versicolor","Green Pheasant","LC","Extirpated",918.8,"Human Modified","semiopen",1,"Herbivore","Omnivore","Terrestrial",289610.19,NA,NA,NA,58.6,26.6,NA,NA,NA,NA,NA,NA,NA,NA,NA,NA,NA,NA,"ground","ground",NA,330,19052,NA,"Green Pheasant",NA,NA,NA,NA,NA,NA,NA,0,0,40,100,0,0,1000,0,"Artificial",4,"Herbivore",4,0.796,0
"GALLIFORMES","Phasianidae","Lophura nycthemera","Silver Pheasant","LC","Introduced species",1230,"Forest","dense",1,"Herbivore","Omnivore","Terrestrial",1072525.93,NA,NA,NA,49.5,19.5,NA,NA,NA,NA,NA,NA,NA,NA,NA,NA,NA,NA,"ground","ground",NA,337,370,NA,"Silver Pheasant",NA,NA,NA,NA,NA,NA,NA,30,0,40,100,0,0,NA,1,"Forest",2,"Omnivore",3,1.222,0
"GALLIFORMES","Phasianidae","Alectoris chukar","Chukar","LC","Introduced species",502.1,"Shrubland","open",1,"Herbivore","Granivore","Terrestrial",10343343.08,6.5,1,1,44.9,29,"scrape","ground","ground_nest",NA,"open",0,100,0,0,0,0,0,"ground","ground",NA,246,241,520,"Chukar","Alectoris chukar",NA,NA,0,0,0,0,20,0,10,100,0,0,3000,4,"Shrub",5,"Herbivore",4,0.699,0
"COLUMBIFORMES"," Columbidae","Columba livia","Rock Pigeon","LC","Introduced species",354.2,"Human Modified","open",1,"Herbivore","Granivore","Terrestrial",17464191.46,6,1,6.5,98.8,45.1,"saucer","human.structure","human.structure_nest","cliff_nest","built.structure",0,0,0,0,0,0,0,"ground","ground","understory",586,3315,740,"Rock Pigeon","Columba livia",NA,NA,0,0,0,0,10,0,60,80,20,0,3000,0,"Rocky",3,"Seed",2,1.222,0
"COLUMBIFORMES"," Columbidae","Patagioenas fasciata","Band-tailed Pigeon","LC","",366.3,"Forest","semiopen",1,"Herbivore","Granivore","Terrestrial",2624630.54,18,1,2,74.7,36.2,"platform","tree","any_tree_nest","live_tree_nest","platform",80,0,20,10,70,40,30,NA,"understory","canopy",671,3355,770,"Band-tailed Pigeon","Patagioenas fasciata",NA,NA,0,40,0,0,0,0,70,0,50,50,3500,1,"Forest",4,"Seed",3,0.921,0
"COLUMBIFORMES"," Columbidae","Streptopelia orientalis","Oriental Turtle-Dove","LC","Rare/Accidental",232.9,"Woodland","open",3,"Herbivore","Omnivore","Terrestrial",16926350.97,NA,NA,NA,57.2,32.8,NA,NA,NA,NA,NA,NA,NA,NA,NA,NA,NA,NA,"ground","ground",NA,625,3383,NA,"Oriental Turtle-dove",NA,NA,NA,NA,NA,NA,NA,0,0,40,100,0,0,4000,2,"Woodland",3,"Seed",2,1.222,0
"COLUMBIFORMES"," Columbidae","Streptopelia decaocto","Eurasian Collared-Dove","LC","Introduced species",149,"Human Modified","open",1,"Herbivore","Omnivore","Terrestrial",19265912.02,13,1,4.5,60.9,35.4,"platform","tree","live_tree_nest","any_tree_nest","platform",95,0,0,0,95,45,50,"ground","ground","understory",628,3391,780,"Eurasian Collared-dove","Streptopelia decaocto",NA,NA,0,10,0,0,10,0,40,80,10,10,2400,0,"Plains",5,"Seed",2,1,0
"COLUMBIFORMES"," Columbidae","Zenaida asiatica","White-winged Dove","LC","Rare/Accidental",153,"Shrubland","semiopen",1,"Herbivore","Granivore","Generalist",2959489.41,21,1,1.25,57,35.2,"saucer","tree","live_tree_nest","any_tree_nest","built.structure",90,0,10,0,90,40,50,"ground","ground","understory",712,3443,830,"White-winged Dove","Zenaida asiatica",NA,NA,0,40,0,0,0,0,60,60,30,10,2592,4,"Shrub",6,"Seed",2,0.921,0
"COLUMBIFORMES"," Columbidae","Zenaida macroura","Mourning Dove","LC","",118.9,"Human Modified","open",1,"Herbivore","Granivore","Terrestrial",11131808.01,19,1,3.5,53.1,36.6,"saucer","tree","any_tree_nest","live_tree_nest","built.structure",70,5,5,10,60,30,30,"ground","ground","understory",717,3439,840,"Mourning Dove","Zenaida macroura",NA,NA,0,0,0,0,0,0,90,60,40,0,2500,0,"Savanna",5,"Seed",1,1.301,0
"CUCULIFORMES"," Cuculidae","Coccyzus americanus","Yellow-billed Cuckoo","LC","Rare/Accidental",64,"Forest","dense",3,"Carnivore","Invertivore","Insessorial",5270361.03,5,1,1.5,62.4,43,"platform","tree","live_tree_nest","any_tree_nest","platform",70,0,30,0,70,0,70,"canopy","canopy",NA,1653,1858,880,"Yellow-billed Cuckoo","Coccyzus americanus",NA,NA,20,60,0,0,60,0,0,0,0,100,2500,4,"Woodland",4,"Invertebrate",3,0.921,0
"CUCULIFORMES"," Cuculidae","Coccyzus erythropthalmus","Black-billed Cuckoo","LC","Rare/Accidental",50.9,"Forest","dense",3,"Carnivore","Invertivore","Insessorial",4944717.14,5,1,1.3,55.3,40.8,"platform","tree","any_tree_nest","live_tree_nest","platform",80,0,20,20,60,0,60,NA,"canopy","ground",1658,1857,900,"Black-billed Cuckoo","Coccyzus erythropthalmus",NA,NA,0,100,0,0,60,0,0,30,30,40,2400,1,"Forest",5,"Invertebrate",1,1.301,0
"CUCULIFORMES"," Cuculidae","Cuculus canorus","Common Cuckoo","LC","Rare/Accidental",111.4,"Forest","semiopen",3,"Carnivore","Invertivore","Insessorial",37338142.79,NA,NA,NA,84.6,43.9,NA,NA,NA,NA,NA,NA,NA,NA,NA,NA,NA,NA,"canopy","canopy","ground",1717,1747,NA,"Common Cuckoo",NA,NA,NA,NA,NA,NA,NA,90,0,0,20,20,60,3800,1,"Forest",5,"Invertebrate",1,1.301,0
"CAPRIMULGIFORMES"," Caprimulgidae","Chordeiles acutipennis","Lesser Nighthawk","LC","Rare/Accidental",48.4,"Shrubland","semiopen",2,"Carnivore","Invertivore","Aerial",10568175.91,2,1,1,92.5,55.1,"no","ground","ground_nest",NA,"open",0,100,0,0,0,0,0,"canopy","canopy","understory",1007,3214,920,"Lesser Nighthawk","Chordeiles acutipennis",NA,NA,0,0,0,0,100,0,0,0,20,70,2500,0,"Shrub",6,"Invertebrate",1,1.222,0
"CAPRIMULGIFORMES"," Caprimulgidae","Chordeiles minor","Common Nighthawk","LC","",79.3,"Grassland","open",3,"Carnivore","Invertivore","Aerial",13037233.58,9,1,1,118.7,60.7,"no","ground","ground_nest",NA,"open",0,100,0,0,0,0,0,"aerial","aerial","understory",1005,3215,930,"Common Nighthawk","Chordeiles minor",NA,NA,0,0,0,0,100,0,0,0,10,0,1250,5,"Grassland",7,"Invertebrate",1,1.155,0
"CAPRIMULGIFORMES"," Caprimulgidae","Phalaenoptilus nuttallii","Common Poorwill","LC","",48.3,"Shrubland","open",2,"Carnivore","Invertivore","Generalist",4384334.96,2,1,1,62.2,42.8,"no","ground","ground_nest",NA,"open",0,100,0,0,0,0,0,NA,"canopy","understory",1039,3221,960,"Common Poorwill","Phalaenoptilus nuttallii",NA,NA,0,0,0,0,100,0,0,10,20,50,1600,6,"Shrub",6,"Invertebrate",1,1.222,0
"CAPRIMULGIFORMES"," Caprimulgidae","Antrostomus vociferus","Eastern Whip-poor-will","NT","Rare/Accidental Near-threatened",53.3,"Forest","dense",3,"Carnivore","Invertivore","Generalist",3403564.97,14,1,1.6,72.3,46.1,"no","ground","ground_nest",NA,"open",0,100,0,0,0,0,0,NA,"canopy","ground",1040,3235,990,"Whip-poor-will","Caprimulgus vociferus",NA,"Caprimulgus vociferus",0,0,0,0,100,0,0,20,20,50,1220,2,"Woodland",4,"Invertebrate",1,1.398,0
"APODIFORMES"," Apodidae","Cypseloides niger","Black Swift","VU","Vulnerable",39.7,"Forest","dense",2,"Carnivore","Invertivore","Aerial",1303249.37,15,1,1,105.2,73,"crevice","cliff","cliff_nest",NA,"crevice",0,0,0,0,0,0,0,"aerial","aerial",NA,1108,2330,1010,"American Black Swift","Cypseloides niger",NA,NA,0,0,0,0,100,0,0,0,0,0,3560,0,"Rocky",3,"Invertebrate",1,1.523,0
"APODIFORMES"," Apodidae","Chaetura pelagica","Chimney Swift","VU","Rare/Accidental Vulnerable",23.6,"Human Modified","dense",3,"Carnivore","Invertivore","Aerial",5841319.17,15,1,1,86.8,70.3,"crevice","human.structure","human.structure_nest","snag_nest","crevice",10,0,0,10,0,0,0,"aerial","aerial","canopy",1136,2399,1020,"Chimney Swift","Chaetura pelagica",NA,NA,0,0,0,0,100,0,0,0,0,40,3200,3,"Artificial",5,"Invertebrate",1,1.301,0
"APODIFORMES"," Apodidae","Chaetura vauxi","Vaux's Swift","LC","",17.1,"Forest","dense",3,"Carnivore","Invertivore","Aerial",2280008.55,7,1,1,77.1,69.2,"crevice","snag","any_tree_nest","snag_nest","crevice",90,0,0,70,20,10,10,"aerial","aerial",NA,1134,2400,1030,"Vaux's Swift","Chaetura vauxi",NA,NA,0,0,0,0,100,0,0,0,0,0,2000,1,"Forest",1,"Invertebrate",1,2,1
"APODIFORMES"," Apodidae","Apus nipalensis","House Swift","LC","Uncertain origin",29.8,"Human Modified","dense",3,"Carnivore","Invertivore","Aerial",5768014.18,NA,NA,NA,89,67.6,NA,NA,NA,NA,NA,NA,NA,NA,NA,NA,NA,NA,"aerial","aerial","canopy",1190,2434,NA,"House Swift",NA,NA,NA,NA,NA,NA,NA,100,0,0,0,0,10,2100,2,"Artificial",2,"Invertebrate",1,1.699,0
"APODIFORMES"," Apodidae","Aeronautes saxatalis","White-throated Swift","LC","",32.1,"Rock","dense",1,"Carnivore","Invertivore","Aerial",4096268.29,15,1,1,98.2,69.8,"crevice","cliff","cliff_nest","human.structure_nest","crevice",0,0,0,0,0,0,0,"aerial","aerial","ground",1172,2408,1040,"White-throated Swift","Aeronautes saxatalis",NA,NA,0,0,0,0,100,0,0,10,0,0,3424,0,"Rocky",8,"Invertebrate",1,1.097,0
"APODIFORMES"," Trochilidae","Colibri thalassinus","Mexican Violetear","LC","Rare/Accidental",5.9,"Forest","semiopen",1,"Herbivore","Nectarivore","Aerial",788433.25,NA,NA,NA,38,61.5,NA,NA,NA,NA,NA,NA,NA,NA,NA,NA,NA,NA,"understory","understory","canopy",1253,2516,NA,"Green Violet-ear",NA,NA,NA,NA,NA,NA,NA,10,90,0,0,60,40,2000,3,"Shrub",4,"Nectar",2,1.097,0
"APODIFORMES"," Trochilidae","Eugenes fulgens","Rivoli's Hummingbird","LC","Rare/Accidental",8,"Forest","dense",2,"Herbivore","Nectarivore","Aerial",854518.72,10,1,1.5,44,65.3,"cup","tree","live_tree_nest","any_tree_nest","built.structure",70,0,30,0,70,0,70,"understory","understory","canopy",1518,2679,1050,"Magnificent Hummingbird","Eugenes fulgens",NA,NA,0,0,0,0,10,90,0,0,60,30,2100,1,"Forest",2,"Nectar",2,1.398,0
"APODIFORMES"," Trochilidae","Archilochus colubris","Ruby-throated Hummingbird","LC","Rare/Accidental",3.1,"Woodland","semiopen",3,"Omnivore","Nectarivore","Generalist",4936988.47,8,1,2,27.6,65,"cup","tree","live_tree_nest","any_tree_nest","built.structure",70,0,30,0,70,0,70,NA,"understory","canopy",1560,2791,1080,"Ruby-throated Hummingbird","Archilochus colubris",NA,NA,30,0,0,0,40,60,0,0,40,40,3000,2,"Woodland",3,"Nectar",2,1.222,0
"APODIFORMES"," Trochilidae","Archilochus alexandri","Black-chinned Hummingbird","LC","",3.4,"Forest","semiopen",3,"Herbivore","Nectarivore","Aerial",2369566.67,7,1,2,27.4,64.4,"cup",NA,"shrub_nest","live_tree_nest","built.structure",50,0,50,0,50,0,50,NA,"understory","canopy",1559,2792,1090,"Black-chinned Hummingbird","Archilochus alexandri",NA,NA,5,0,0,0,10,90,0,0,50,40,2500,2,"Woodland",4,"Nectar",2,1.097,0
"APODIFORMES"," Trochilidae","Calypte anna","Anna's Hummingbird","LC","",4.2,"Woodland","semiopen",2,"Herbivore","Nectarivore","Aerial",493015.73,8,1,2,32.1,65.6,"cup","tree","live_tree_nest","any_tree_nest","built.structure",70,0,20,0,70,5,65,"canopy","canopy","understory",1557,2793,1100,"Anna's Hummingbird","Calypte anna",NA,NA,10,0,0,0,10,90,0,0,20,80,1500,0,"Woodland",5,"Nectar",2,1,0
"APODIFORMES"," Trochilidae","Calypte costae","Costa's Hummingbird","LC","Rare/Accidental",3.1,"Shrubland","semiopen",3,"Herbivore","Nectarivore","Aerial",563636,7,1,1.1,29,65.7,"cup",NA,"shrub_nest","live_tree_nest","built.structure",40,0,40,0,40,0,40,"understory","understory","canopy",1558,2794,1110,"Costa's Hummingbird","Calypte costae",NA,NA,0,10,0,0,10,90,0,0,70,30,1820,0,"Desert",7,"Nectar",2,0.854,0
"APODIFORMES"," Trochilidae","Selasphorus calliope","Calliope Hummingbird","LC","",2.6,"Shrubland","semiopen",3,"Herbivore","Nectarivore","Aerial",1203358.97,6,1,1.25,26.9,64.3,"cup","tree","any_tree_nest","live_tree_nest","built.structure",80,0,20,20,60,10,50,"understory","understory","canopy",1562,2799,1150,NA,"Stellula calliope","Selasphorus calliope","Stellula calliope",20,0,0,0,10,90,0,0,80,20,2200,0,"Shrub",2,"Nectar",2,1.398,0
"APODIFORMES"," Trochilidae","Selasphorus rufus","Rufous Hummingbird","NT","Near-threatened",3.5,"Forest","semiopen",1,"Herbivore","Nectarivore","Aerial",1526769.21,8,1,1.25,28.2,67,"cup","shrub","shrub_nest","live_tree_nest","built.structure",40,0,60,0,40,20,20,"understory","understory","canopy",1563,2813,1130,"Rufous Hummingbird","Selasphorus rufus",NA,NA,15,15,0,0,10,90,0,0,60,40,3000,1,"Forest",2,"Nectar",2,1.398,0
"APODIFORMES"," Trochilidae","Selasphorus platycercus","Broad-tailed Hummingbird","LC","Rare/Accidental",3.5,"Forest","semiopen",1,"Herbivore","Nectarivore","Aerial",696942.12,7,1,1.5,31.4,65.2,"cup","tree","live_tree_nest","any_tree_nest","built.structure",60,0,35,0,60,30,30,"understory","understory","canopy",1561,2812,1120,"Broad-tailed Hummingbird","Selasphorus platycercus",NA,NA,0,20,0,0,10,90,0,0,80,20,1650,2,"Woodland",5,"Nectar",2,1,0
"APODIFORMES"," Trochilidae","Basilinna xantusii","Xantus's Hummingbird","LC","Rare/Accidental",3.4,"Shrubland","semiopen",1,"Herbivore","Nectarivore","Aerial",41923.51,NA,NA,NA,32.6,64.5,NA,NA,NA,NA,NA,NA,NA,NA,NA,NA,NA,NA,"canopy","canopy","understory",1514,2591,NA,NA,NA,NA,"Hylocharis xantusii",NA,NA,NA,NA,10,90,0,0,40,60,1500,2,"Shrub",3,"Nectar",2,1.222,0
"GRUIFORMES"," Rallidae","Rallus limicola","Virginia Rail","LC","",84.1,"Wetland","dense",3,"Carnivore","Aquatic predator","Terrestrial",5650094.92,14,1,1.5,26.8,26.5,"saucer","ground","ground_nest",NA,"built.structure",0,100,0,0,0,0,0,NA,"ground","water",1773,3850,1230,"Virginia Rail","Rallus limicola",NA,NA,0,0,0,0,20,0,20,50,0,0,2370,0,"Wetland",4,"Invertebrate",4,0.796,0
"GRUIFORMES"," Rallidae","Porzana carolina","Sora","LC","",74.8,"Wetland","dense",3,"Omnivore","Omnivore","Terrestrial",9780642.26,14,1,1.5,34.8,33.4,"saucer","ground","ground_nest",NA,"built.structure",0,100,0,0,0,0,0,NA,"ground","water",1834,3890,1240,"Sora","Porzana carolina",NA,NA,0,0,0,0,40,0,30,40,20,0,4080,0,"Wetland",3,"Seed",2,1.222,0
"GRUIFORMES"," Rallidae","Gallinula galeata","Common Gallinule","LC","Rare/Accidental",339.6,"Wetland","open",1,"Omnivore","Omnivore","Terrestrial",13770097.15,10,1,1.25,57.9,32.4,"platform","float","float_nest","ground_nest","platform",0,30,10,0,0,0,0,"ground","ground","understory",1876,3931,1250,"Common Moorhen","Gallinula chloropus",NA,"Gallinula chloropus",0,10,0,0,20,0,20,60,20,0,4000,0,"Wetland",2,"Herbivore",4,1.097,0
"GRUIFORMES"," Rallidae","Fulica americana","American Coot","LC","",636.7,"Wetland","open",2,"Herbivore","Herbivore aquatic","Aquatic",10934633.24,22,1,1.25,65.8,36.3,"platform","float","float_nest",NA,"platform",0,0,0,0,0,0,0,"water","water",NA,1887,3942,1260,"American Coot","Fulica americana",NA,NA,0,20,0,0,20,0,40,0,0,0,2500,0,"Wetland",3,"Plant",3,1.046,0
"GRUIFORMES"," Rallidae","Coturnicops noveboracensis","Yellow Rail","LC","",60.9,"Wetland","semiopen",3,"Carnivore","Omnivore","Terrestrial",3674188.27,14,1,1,22.4,26,"saucer","ground","ground_nest",NA,"built.structure",0,100,0,0,0,0,0,NA,"ground","understory",1748,3797,1290,"Yellow Rail","Coturnicops noveboracensis",NA,NA,0,0,0,0,70,0,30,40,30,0,2500,0,"Wetland",3,"Invertebrate",2,1.222,0
"GRUIFORMES"," Gruidae","Anthropoides virgo","Demoiselle Crane","LC","Uncertain origin",2417,"Grassland","open",3,"Omnivore","Omnivore","Terrestrial",8896222.51,NA,NA,NA,214.8,45.5,NA,NA,NA,NA,NA,NA,NA,NA,NA,NA,NA,NA,"ground","ground","water",1910,3742,NA,NA,NA,NA,"Grus virgo",NA,NA,NA,NA,10,0,60,80,0,0,3000,0,"Savanna",7,"Omnivore",4,0.553,0
"GRUIFORMES"," Gruidae","Antigone canadensis","Sandhill Crane","LC","",4296.2,"Wetland","open",3,"Omnivore","Omnivore","Terrestrial",8593771.09,20,2.5,2,210,43.8,"saucer","ground","ground_nest",NA,"built.structure",0,100,0,0,0,0,0,NA,"ground","water",1904,3741,1320,NA,"Grus canadensis","Antigone canadensis","Grus canadensis",0,0,0,0,20,0,10,50,0,0,1500,0,"Wetland",3,"Omnivore",4,0.921,0
"GRUIFORMES"," Gruidae","Grus grus","Common Crane","LC","Rare/Accidental",5500,"Wetland","open",3,"Herbivore","Omnivore","Terrestrial",15456101.32,NA,NA,NA,225.5,43,NA,NA,NA,NA,NA,NA,NA,NA,NA,NA,NA,NA,NA,"ground","water",1913,3745,NA,"Common Crane",NA,NA,NA,NA,NA,NA,NA,10,0,20,50,0,0,1000,0,"Wetland",3,"Omnivore",5,0.824,0
"GRUIFORMES"," Gruidae","Grus americana","Whooping Crane","EN","Rare/Accidental Endangered",5826,"Wetland","open",3,"Carnivore","Omnivore","Terrestrial",6122.49,22,4,1,258.8,42.7,"saucer","ground","ground_nest",NA,"built.structure",0,100,0,0,0,0,0,NA,"ground","water",1912,3747,1330,"Whooping Crane","Grus americana",NA,NA,0,0,0,0,20,0,10,50,0,0,500,2,"Wetland",3,"Omnivore",6,0.745,0
"CHARADRIIFORMES"," Recurvirostridae","Recurvirostra americana","American Avocet","LC","",304.5,"Wetland","open",2,"Carnivore","Aquatic predator","Terrestrial",2524844.1,15,1.9,1,104.4,47.8,"scrape","ground","ground_nest",NA,"open",0,100,0,0,0,0,0,NA,"ground","water",2354,4224,1350,"American Avocet","Recurvirostra americana",NA,NA,0,0,0,0,80,0,20,50,0,0,2500,0,"Wetland",2,"Invertebrate",1,1.699,0
"CHARADRIIFORMES"," Haematopodidae","Haematopus bachmani","Black Oystercatcher","","",724,"Coastal","open",1,"Carnivore","Aquatic predator","Terrestrial",593669.97,16,5,1,104.5,41.5,"scrape","ground","ground_nest",NA,"open",0,100,0,0,0,0,0,"ground","ground",NA,2341,4199,1370,"Black Oystercatcher","Haematopus bachmani","Haematopus ater",NA,0,0,0,0,90,0,0,100,0,0,0,0,"Coastal",3,"Invertebrate",1,1.523,0
"CHARADRIIFORMES"," Charadriidae","Pluvialis squatarola","Black-bellied Plover","VU","Vulnerable",250,"Grassland","open",3,"Carnivore","Aquatic predator","Terrestrial",3963258.28,13,2.5,1,110,60.1,"scrape","ground","ground_nest",NA,"open",0,100,0,0,0,0,0,"ground","ground",NA,2359,4234,1380,"Grey Plover","Pluvialis squatarola",NA,NA,0,0,0,0,70,0,10,100,0,0,3700,0,"Grassland",4,"Invertebrate",3,0.921,0
"CHARADRIIFORMES"," Charadriidae","Pluvialis dominica","American Golden-Plover","LC","",151.5,"Grassland","open",3,"Carnivore","Invertivore","Terrestrial",3598916.91,13,1.5,1,109.4,58.7,"scrape","ground","ground_nest",NA,"open",0,100,0,0,0,0,0,"ground","ground",NA,2362,4233,1390,"American Golden Plover","Pluvialis dominica",NA,NA,0,0,0,0,70,0,10,100,0,0,4000,0,"Grassland",4,"Invertebrate",3,0.921,0
"CHARADRIIFORMES"," Charadriidae","Pluvialis fulva","Pacific Golden-Plover","LC","",134.9,"Grassland","open",3,"Carnivore","Omnivore","Terrestrial",2241495.9,6,NA,1,94.8,59.3,"scrape","ground",NA,NA,"open",NA,NA,NA,NA,NA,NA,NA,"ground","ground","understory",2361,4232,NA,"Pacific Golden Plover",NA,NA,NA,NA,NA,NA,NA,70,0,10,80,20,0,2500,0,"Grassland",5,"Invertebrate",4,0.699,0
"CHARADRIIFORMES"," Charadriidae","Eudromias morinellus","Eurasian Dotterel","LC","Rare/Accidental",108.2,"Grassland","open",3,"Carnivore","Invertivore","Terrestrial",3830439.01,NA,NA,NA,81.8,55.9,NA,NA,NA,NA,NA,NA,NA,NA,NA,NA,NA,NA,"ground","ground","understory",2365,4277,NA,"Eurasian Dotterel",NA,NA,NA,NA,NA,NA,NA,70,0,10,80,20,0,2720,0,"Grassland",4,"Invertebrate",1,1.398,0
"CHARADRIIFORMES"," Charadriidae","Charadrius vociferus","Killdeer","NT","Near-threatened",96.4,"Wetland","open",3,"Carnivore","Omnivore","Terrestrial",14759088.1,11,1,1,83.5,52.6,"scrape","ground","ground_nest",NA,"open",0,100,0,0,0,0,0,"ground","ground",NA,2373,4241,1440,"Killdeer","Charadrius vociferus",NA,NA,0,0,0,0,90,0,10,100,0,0,2438,0,"Plains",7,"Invertebrate",2,0.854,0
"CHARADRIIFORMES"," Charadriidae","Charadrius hiaticula","Common Ringed Plover","LC","Rare/Accidental",64,"Coastal","open",2,"Carnivore","Aquatic predator","Terrestrial",4520829.19,10,1,1,69.1,53.5,"scrape","ground","ground_nest",NA,"open",0,100,0,0,0,0,0,"ground","ground",NA,2368,4236,1425,"Common Ringed Plover","Charadrius hiaticula",NA,NA,0,0,0,0,100,0,0,100,0,0,1200,0,"Coastal",4,"Invertebrate",1,1.398,0
"CHARADRIIFORMES"," Charadriidae","Charadrius semipalmatus","Semipalmated Plover","LC","",46.7,"Wetland","open",3,"Carnivore","Aquatic predator","Terrestrial",4938225.48,9,2.5,1,65,56,"scrape","ground","ground_nest",NA,"open",0,100,0,0,0,0,0,"ground","ground",NA,2369,4237,1420,"Semipalmated Plover","Charadrius semipalmatus",NA,NA,0,0,0,0,100,0,0,100,0,0,500,0,"Wetland",3,"Invertebrate",1,1.523,0
"CHARADRIIFORMES"," Charadriidae","Charadrius melodus","Piping Plover","NT","Rare/Accidental Near-threatened",54.4,"Coastal","open",3,"Carnivore","Aquatic predator","Terrestrial",501145.23,11,1,1,62.8,54.5,"scrape","ground","ground_nest",NA,"open",0,100,0,0,0,0,0,"ground","ground","water",2374,4247,1430,"Piping Plover","Charadrius melodus",NA,NA,0,0,0,0,100,0,0,60,0,0,500,0,"Wetland",2,"Invertebrate",1,1.699,0
"CHARADRIIFORMES"," Charadriidae","Anarhynchus mongolus","Siberian Sand-Plover","EN","Rare/Accidental Endangered",64,"Wetland","open",3,"Carnivore","Aquatic predator","Terrestrial",4714238.7,NA,NA,NA,75.8,58.5,NA,NA,NA,NA,NA,NA,NA,NA,NA,NA,NA,NA,NA,NA,NA,2393,NA,NA,NA,NA,NA,NA,NA,NA,NA,NA,NA,NA,NA,NA,NA,NA,5500,0,"Plains",4,"Invertebrate",1,1.398,0
"CHARADRIIFORMES"," Charadriidae","Anarhynchus montanus","Mountain Plover","NT","Rare/Accidental Near-threatened",95.7,"Grassland","open",3,"Carnivore","Invertivore","Terrestrial",759250.62,10,1,2,79.2,54.1,"scrape","ground","ground_nest",NA,"open",0,100,0,0,0,0,0,"ground","ground",NA,2397,4270,1450,NA,"Charadrius montanus",NA,"Charadrius montanus",0,0,0,0,100,0,0,100,0,0,3250,0,"Grassland",1,"Invertebrate",1,2,0
"CHARADRIIFORMES"," Charadriidae","Anarhynchus nivosus","Snowy Plover","NT","Rare/Accidental Near-threatened",42.3,"Coastal","open",2,"Carnivore","Aquatic predator","Terrestrial",13539453.43,NA,NA,NA,59.2,55,NA,NA,NA,NA,NA,NA,NA,NA,NA,NA,NA,NA,NA,NA,NA,2382,NA,NA,NA,NA,NA,NA,NA,NA,NA,NA,NA,NA,NA,NA,NA,NA,3048,0,"Coastal",4,"Invertebrate",1,1.398,0
"CHARADRIIFORMES"," Scolopacidae","Bartramia longicauda","Upland Sandpiper","LC","",158.9,"Grassland","open",3,"Carnivore","Invertivore","Terrestrial",3282893.45,8,1,1,83.7,52.9,"scrape","ground","ground_nest",NA,"open",0,100,0,0,0,0,0,"ground","ground",NA,2446,4090,1470,"Upland Sandpiper","Bartramia longicauda",NA,NA,0,0,0,0,70,0,30,100,0,0,1585,0,"Grassland",5,"Invertebrate",1,1.301,0
"CHARADRIIFORMES"," Scolopacidae","Numenius tahitiensis","Bristle-thighed Curlew","NT","Rare/Accidental Near-threatened",400.1,"Grassland","open",3,"Omnivore","Omnivore","Terrestrial",45601.61,22,3,1,131.3,53.6,"scrape","ground","ground_nest",NA,"open",0,100,0,0,0,0,0,"ground","ground",NA,2447,4085,1480,"Bristle-thighed Curlew","Numenius tahitiensis",NA,NA,0,0,0,0,40,0,0,100,0,0,500,0,"Shrub",4,"Omnivore",3,0.921,0
"CHARADRIIFORMES"," Scolopacidae","Numenius phaeopus","Whimbrel","LC","Rare/Accidental",364.6,"Grassland","open",3,"Carnivore","Omnivore","Terrestrial",4802995.65,12,2,1,123.4,53.5,"scrape","ground","ground_nest",NA,"open",0,100,0,0,0,0,0,"ground","ground","understory",2448,4080,1490,"Whimbrel","Numenius phaeopus",NA,NA,0,0,0,0,60,0,10,60,20,0,3600,2,"Grassland",7,"Invertebrate",4,0.553,0
"CHARADRIIFORMES"," Scolopacidae","Numenius americanus","Long-billed Curlew","LC","",583.9,"Grassland","open",3,"Carnivore","Omnivore","Terrestrial",2115891.97,24,3,1,132.6,49.7,"scrape","ground","ground_nest",NA,"open",0,100,0,0,0,0,0,"ground","ground","water",2452,4088,1510,"Long-billed Curlew","Numenius americanus",NA,NA,0,0,0,0,90,0,0,80,0,0,1220,0,"Grassland",4,"Invertebrate",1,1.398,0
"CHARADRIIFORMES"," Scolopacidae","Numenius madagascariensis","Far Eastern Curlew","EN","Rare/Accidental Endangered",792,"Wetland","open",3,"Carnivore","Aquatic predator","Terrestrial",3087214.2,NA,NA,NA,166.2,54.7,NA,NA,NA,NA,NA,NA,NA,NA,NA,NA,NA,NA,"ground","ground","water",2454,4089,NA,"Far Eastern Curlew",NA,NA,NA,NA,NA,NA,NA,90,0,0,80,0,0,500,0,"Wetland",3,"Invertebrate",2,1.222,0
"CHARADRIIFORMES"," Scolopacidae","Limosa lapponica","Bar-tailed Godwit","NT","Rare/Accidental Near-threatened",291.7,"Wetland","open",3,"Carnivore","Aquatic predator","Terrestrial",1469087.3,30,3,1,117.8,56.6,"scrape","ground","ground_nest",NA,"open",0,100,0,0,0,0,0,NA,"ground","water",2455,4076,1520,"Bar-tailed Godwit","Limosa lapponica",NA,NA,0,0,0,0,80,0,10,50,0,0,440,0,"Grassland",5,"Invertebrate",1,1.301,0
"CHARADRIIFORMES"," Scolopacidae","Limosa limosa","Black-tailed Godwit","NT","Rare/Accidental Near-threatened",288.4,"Wetland","open",3,"Carnivore","Aquatic predator","Terrestrial",10058061.19,NA,NA,NA,110.2,51.5,NA,NA,NA,NA,NA,NA,NA,NA,NA,NA,NA,NA,NA,"ground","water",2458,4074,NA,"Black-tailed Godwit",NA,NA,NA,NA,NA,NA,NA,60,0,10,50,0,0,500,0,"Wetland",4,"Invertebrate",2,1.097,0
"CHARADRIIFORMES"," Scolopacidae","Limosa haemastica","Hudsonian Godwit","VU","Vulnerable",253.3,"Wetland","open",3,"Carnivore","Aquatic predator","Terrestrial",432823.38,29,2,1,121.5,57.5,"scrape","ground","ground_nest",NA,"open",0,100,0,0,0,0,0,NA,"ground","water",2457,4075,1530,"Hudsonian Godwit","Limosa haemastica",NA,NA,0,0,0,0,90,0,0,50,0,0,3700,0,"Wetland",5,"Invertebrate",3,0.824,0
"CHARADRIIFORMES"," Scolopacidae","Limosa fedoa","Marbled Godwit","VU","Vulnerable",357,"Wetland","open",3,"Carnivore","Aquatic predator","Terrestrial",1140759.5,25,2,1,118,52.5,"scrape","ground","ground_nest",NA,"open",0,100,0,0,0,0,0,"ground","ground","water",2456,4077,1540,"Marbled Godwit","Limosa fedoa",NA,NA,0,0,0,0,100,0,0,80,0,0,500,0,"Wetland",3,"Invertebrate",4,0.921,0
"CHARADRIIFORMES"," Scolopacidae","Limnodromus griseus","Short-billed Dowitcher","VU","Vulnerable",110.5,"Wetland","open",3,"Carnivore","Aquatic predator","Terrestrial",2380406.64,13,1.5,1,71.8,50.3,"scrape","ground","ground_nest",NA,"open",0,100,0,0,0,0,0,NA,"ground","water",2490,4112,1710,"Short-billed Dowitcher","Limnodromus griseus",NA,NA,0,0,0,0,70,0,20,50,0,0,500,0,"Wetland",3,"Invertebrate",2,1.222,0
"CHARADRIIFORMES"," Scolopacidae","Limnodromus scolopaceus","Long-billed Dowitcher","NT","Near-threatened",104.4,"Wetland","open",3,"Carnivore","Aquatic predator","Terrestrial",1045265.04,7,1.5,1,74.2,51,"scrape","ground","ground_nest",NA,"open",0,100,0,0,0,0,0,NA,"ground","water",2491,4113,1720,"Long-billed Dowitcher","Limnodromus scolopaceus",NA,NA,0,0,0,0,60,0,20,50,0,0,1600,0,"Wetland",2,"Invertebrate",2,1.398,0
"CHARADRIIFORMES"," Scolopacidae","Lymnocryptes minimus","Jack Snipe","LC","Rare/Accidental",50.1,"Wetland","open",3,"Carnivore","Aquatic predator","Terrestrial",7671774.57,NA,NA,NA,45.8,43.8,NA,NA,NA,NA,NA,NA,NA,NA,NA,NA,NA,NA,"ground","ground","water",2522,4066,NA,"Jack Snipe",NA,NA,NA,NA,NA,NA,NA,80,0,20,80,0,0,1000,0,"Wetland",3,"Invertebrate",1,1.523,0
"CHARADRIIFORMES"," Scolopacidae","Scolopax minor","American Woodcock","LC","Rare/Accidental",196.3,"Forest","open",3,"Carnivore","Invertivore","Terrestrial",4263445.34,10,1,1,40,30.6,"scrape","ground","ground_nest",NA,"open",0,100,0,0,0,0,0,"ground","ground","water",2499,4043,1730,"American Woodcock","Scolopax minor",NA,NA,0,0,0,0,100,0,0,80,0,0,500,1,"Forest",4,"Invertebrate",2,1.097,0
"CHARADRIIFORMES"," Scolopacidae","Gallinago delicata","Wilson's Snipe","LC","",112.9,"Wetland","open",3,"Carnivore","Aquatic predator","Terrestrial",11985774.53,12,1,1,59.5,46.5,"scrape","ground","ground_nest",NA,"open",0,100,0,0,0,0,0,"ground","ground","water",2517,4051,1740,"Common Snipe","Gallinago gallinago",NA,"Gallinago gallinago",0,0,0,0,80,0,10,80,0,0,4000,0,"Wetland",3,"Invertebrate",3,1.046,0
"CHARADRIIFORMES"," Scolopacidae","Phalaropus tricolor","Wilson's Phalarope","LC","",59.4,"Wetland","open",3,"Carnivore","Aquatic predator","Terrestrial",3893986.28,10,2,1.25,73,56.2,"scrape","ground","ground_nest",NA,"open",0,100,0,0,0,0,0,"water","water","ground",2523,4145,1750,NA,"Steganopus tricolor","Phalaropus tricolor","Steganopus tricolor",0,0,0,0,80,0,20,20,0,0,2500,0,"Wetland",3,"Invertebrate",1,1.523,0
"CHARADRIIFORMES"," Scolopacidae","Phalaropus fulicarius","Red Phalarope","LC","",55.6,"Marine","open",3,"Carnivore","Aquatic predator","Terrestrial",3783736.3,6,1.5,1.25,65.4,52.8,"scrape","ground","ground_nest",NA,"open",0,100,0,0,0,0,0,NA,"ground","water",2525,4148,1770,"Red Phalarope","Phalaropus fulicarius",NA,NA,0,0,0,0,80,0,10,50,0,0,NA,0,"Coastal",4,"Invertebrate",2,1.097,0
"CHARADRIIFORMES"," Scolopacidae","Phalaropus lobatus","Red-necked Phalarope","LC","",36.7,"Wetland","open",3,"Carnivore","Aquatic predator","Terrestrial",9098836.74,10,1,2,54.4,49.6,"scrape","ground","ground_nest",NA,"open",0,100,0,0,0,0,0,NA,"ground","water",2524,4146,1760,"Red-necked Phalarope","Phalaropus lobatus",NA,NA,0,0,0,0,80,0,20,50,0,0,1300,0,"Wetland",3,"Invertebrate",1,1.523,0
"CHARADRIIFORMES"," Scolopacidae","Xenus cinereus","Terek Sandpiper","LC","Rare/Accidental",78.8,"Grassland","open",3,"Carnivore","Aquatic predator","Terrestrial",11623048.49,NA,NA,NA,70,54.6,NA,NA,NA,NA,NA,NA,NA,NA,NA,NA,NA,NA,NA,"ground","water",2526,4101,NA,"Terek Sandpiper",NA,NA,NA,NA,NA,NA,NA,60,0,40,50,0,0,1530,3,"Grassland",6,"Invertebrate",2,0.921,0
"CHARADRIIFORMES"," Scolopacidae","Actitis macularius","Spotted Sandpiper","LC","",40.4,"Wetland","open",3,"Carnivore","Aquatic predator","Terrestrial",13627000.39,12,1,1,47.6,47.5,"scrape","ground","ground_nest",NA,"open",0,100,0,0,0,0,0,"ground","ground","water",2528,4104,1780,"Spotted Sandpiper","Actitis macularius",NA,NA,0,0,0,0,80,0,0,80,0,0,4700,0,"Riparian",3,"Invertebrate",2,1.222,0
"CHARADRIIFORMES"," Scolopacidae","Tringa solitaria","Solitary Sandpiper","LC","",48.4,"Wetland","open",3,"Carnivore","Aquatic predator","Terrestrial",5546518.4,15,1,1,63.9,49.7,"cup","tree","live_tree_nest","any_tree_nest","built.structure",100,0,0,0,100,60,40,NA,"ground","water",2530,4098,1790,"Solitary Sandpiper","Tringa solitaria",NA,NA,0,0,0,0,80,0,0,50,0,0,2500,2,"Wetland",6,"Invertebrate",1,1.222,0
"CHARADRIIFORMES"," Scolopacidae","Tringa brevipes","Gray-tailed Tattler","LC","Rare/Accidental",127,"Wetland","open",3,"Carnivore","Aquatic predator","Terrestrial",2714985.56,NA,NA,NA,85.5,54.8,NA,NA,NA,NA,NA,NA,NA,NA,NA,NA,NA,NA,NA,NA,NA,2531,NA,NA,NA,NA,NA,NA,NA,NA,NA,NA,NA,NA,NA,NA,NA,NA,1800,4,"Riparian",6,"Invertebrate",2,0.921,0
"CHARADRIIFORMES"," Scolopacidae","Tringa incana","Wandering Tattler","LC","",108.2,"Wetland","open",3,"Carnivore","Aquatic predator","Terrestrial",1273879.07,15,2,1,90.5,55.3,"scrape","ground","ground_nest",NA,"open",0,100,0,0,0,0,0,NA,"ground","water",2532,4106,1800,NA,"Heteroscelus incanus","Tringa incana","Heteroscelus incanus",0,0,0,0,80,0,0,50,0,0,1230,0,"Riparian",5,"Invertebrate",2,1,0
"CHARADRIIFORMES"," Scolopacidae","Tringa glareola","Wood Sandpiper","LC","Rare/Accidental",62.1,"Wetland","open",3,"Carnivore","Aquatic predator","Terrestrial",16979550.25,11,1,1,60.2,48.4,"saucer","ground","ground_nest","live_tree_nest","built.structure",20,80,0,0,20,10,10,NA,"ground","water",2539,4100,1840,"Wood Sandpiper","Tringa glareola",NA,NA,0,0,0,0,100,0,0,50,0,0,1000,2,"Wetland",8,"Invertebrate",3,0.62,0
"CHARADRIIFORMES"," Scolopacidae","Tringa flavipes","Lesser Yellowlegs","VU","Vulnerable",77.5,"Wetland","open",3,"Carnivore","Aquatic predator","Terrestrial",4592693.99,5,1,1,79.8,52.8,"scrape","ground","ground_nest",NA,"open",0,100,0,0,0,0,0,NA,"ground","water",2534,4097,1830,"Lesser Yellowlegs","Tringa flavipes",NA,NA,0,0,0,0,100,0,0,50,0,0,3800,0,"Wetland",5,"Invertebrate",2,1,0
"CHARADRIIFORMES"," Scolopacidae","Tringa semipalmata","Willet","LC","Rare/Accidental",245.7,"Coastal","open",3,"Carnivore","Aquatic predator","Terrestrial",2508839.89,10,1,1,97,47.6,"scrape","ground","ground_nest",NA,"open",0,100,0,0,0,0,0,"water","water","ground",2533,4107,1820,NA,"Catoptrophorus semipalmatus","Tringa semipalmata","Catoptrophorus semipalmatus",0,0,0,0,80,0,0,30,0,0,500,0,"Coastal",3,"Invertebrate",2,1.222,0
"CHARADRIIFORMES"," Scolopacidae","Tringa erythropus","Spotted Redshank","LC","Rare/Accidental",158,"Grassland","open",3,"Carnivore","Aquatic predator","Terrestrial",3716042.92,NA,NA,NA,83,50.8,NA,NA,NA,NA,NA,NA,NA,NA,NA,NA,NA,NA,"water","water","ground",2535,4091,NA,"Spotted Redshank",NA,NA,NA,NA,NA,NA,NA,80,0,0,20,0,0,3750,0,"Grassland",6,"Invertebrate",2,0.921,0
"CHARADRIIFORMES"," Scolopacidae","Tringa nebularia","Common Greenshank","LC","Rare/Accidental",187,"Wetland","open",3,"Carnivore","Aquatic predator","Terrestrial",12134126.53,11,1,1,96.9,52.1,"scrape","ground","ground_nest",NA,"open",0,100,0,0,0,0,0,"water","water","ground",2536,4094,1795,"Common Greenshank","Tringa nebularia",NA,NA,0,0,0,0,80,0,0,40,0,0,1200,1,"Forest",5,"Invertebrate",3,0.824,0
"CHARADRIIFORMES"," Scolopacidae","Tringa melanoleuca","Greater Yellowlegs","NT","Near-threatened",161.7,"Wetland","open",3,"Carnivore","Aquatic predator","Terrestrial",4407162.64,15,1.6,1,97.6,50.2,"scrape","ground","ground_nest",NA,"open",0,100,0,0,0,0,0,"water","water","ground",2537,4096,1810,"Greater Yellowlegs","Tringa melanoleuca",NA,NA,0,0,0,0,80,0,0,20,0,0,4100,2,"Wetland",5,"Invertebrate",3,0.824,0
"CHARADRIIFORMES"," Scolopacidae","Arenaria interpres","Ruddy Turnstone","NT","Near-threatened",136,"Coastal","open",3,"Carnivore","Aquatic predator","Terrestrial",2619753.6,19,2,1,83.4,55.6,"scrape","ground","ground_nest",NA,"open",0,100,0,0,0,0,0,"ground","ground",NA,2459,4110,1550,"Ruddy Turnstone","Arenaria interpres",NA,NA,0,0,0,0,80,0,0,100,0,0,4500,0,"Coastal",4,"Invertebrate",3,0.921,0
"CHARADRIIFORMES"," Scolopacidae","Arenaria melanocephala","Black Turnstone","LC","",126.2,"Coastal","open",3,"Carnivore","Aquatic predator","Terrestrial",83412.69,8,1,1,72.5,51.1,"scrape","ground","ground_nest",NA,"open",0,100,0,0,0,0,0,"ground","ground",NA,2460,4111,1560,"Black Turnstone","Arenaria melanocephala",NA,NA,0,0,0,0,100,0,0,100,0,0,600,0,"Coastal",4,"Invertebrate",4,0.796,0
"CHARADRIIFORMES"," Scolopacidae","Calidris tenuirostris","Great Knot","EN","Rare/Accidental Endangered",192,"Grassland","open",3,"Carnivore","Aquatic predator","Terrestrial",1486107.22,NA,NA,NA,101.2,57.3,NA,NA,NA,NA,NA,NA,NA,NA,NA,NA,NA,NA,"ground","ground","understory",2461,4117,NA,"Great Knot",NA,NA,NA,NA,NA,NA,NA,50,0,0,80,20,0,1700,0,"Grassland",4,"Invertebrate",3,0.921,0
"CHARADRIIFORMES"," Scolopacidae","Calidris canutus","Red Knot","NT","Near-threatened",141.9,"Coastal","open",3,"Carnivore","Aquatic predator","Terrestrial",1604194.57,19,2,1,95.2,57.9,"scrape","ground","ground_nest",NA,"open",0,100,0,0,0,0,0,"ground","ground",NA,2462,4118,1570,"Red Knot","Calidris canutus",NA,NA,0,0,0,0,80,0,10,100,0,0,300,0,"Coastal",3,"Invertebrate",1,1.523,0
"CHARADRIIFORMES"," Scolopacidae","Calidris virgata","Surfbird","LC","",201,"Coastal","open",3,"Carnivore","Aquatic predator","Terrestrial",662683.31,15,1.6,1,94.2,54.5,"scrape","ground","ground_nest",NA,"open",0,100,0,0,0,0,0,"ground","ground",NA,2463,4116,1580,NA,"Aphriza virgata","Calidris virgata","Aphriza virgata",0,0,0,0,100,0,0,100,0,0,1800,0,"Rocky",3,"Invertebrate",1,1.523,0
"CHARADRIIFORMES"," Scolopacidae","Calidris pugnax","Ruff","LC","Rare/Accidental",131.7,"Wetland","open",3,"Carnivore","Aquatic predator","Terrestrial",8562266.88,11,1,1,85.3,51,"scrape","ground","ground_nest",NA,"open",0,100,0,0,0,0,0,"ground","ground","understory",2464,4143,1706,NA,"Calidris pugnax","Philomachus pugnax","Philomachus pugnax",0,0,0,0,50,0,10,60,20,0,1000,0,"Wetland",6,"Invertebrate",5,0.523,0
"CHARADRIIFORMES"," Scolopacidae","Calidris acuminata","Sharp-tailed Sandpiper","VU","Vulnerable",66.1,"Wetland","open",3,"Carnivore","Aquatic predator","Terrestrial",348177.87,9,1.5,1,70.4,54.5,"scrape","ground","ground_nest",NA,"open",0,100,0,0,0,0,0,"ground","ground","water",2466,4132,1705,"Sharp-tailed Sandpiper","Calidris acuminata",NA,NA,0,0,0,0,80,0,20,80,0,0,800,0,"Wetland",3,"Omnivore",2,1.222,0
"CHARADRIIFORMES"," Scolopacidae","Calidris ferruginea","Curlew Sandpiper","VU","Rare/Accidental Vulnerable",58.1,"Coastal","open",3,"Carnivore","Aquatic predator","Terrestrial",1198699.06,NA,NA,NA,70.5,54.9,NA,NA,NA,NA,NA,NA,NA,NA,NA,NA,NA,NA,NA,"ground","water",2468,4138,NA,"Curlew Sandpiper",NA,NA,NA,NA,NA,NA,NA,80,0,20,50,0,0,500,0,"Coastal",3,"Invertebrate",2,1.222,0
"CHARADRIIFORMES"," Scolopacidae","Calidris himantopus","Stilt Sandpiper","NT","Near-threatened",57.2,"Wetland","open",3,"Carnivore","Aquatic predator","Terrestrial",399381.42,16,2,1,66,52.2,"scrape","ground","ground_nest",NA,"open",0,100,0,0,0,0,0,NA,"ground","water",2467,4139,1590,"Stilt Sandpiper","Calidris himantopus",NA,NA,0,0,0,0,80,0,20,50,0,0,2500,0,"Wetland",5,"Invertebrate",2,1,0
"CHARADRIIFORMES"," Scolopacidae","Calidris temminckii","Temminck's Stint","LC","Rare/Accidental",23,"Grassland","open",3,"Carnivore","Aquatic predator","Terrestrial",3436316.19,NA,NA,NA,47.9,50,NA,NA,NA,NA,NA,NA,NA,NA,NA,NA,NA,NA,"ground","ground","water",2469,4125,NA,"Temminck's Stint",NA,NA,NA,NA,NA,NA,NA,90,0,0,80,0,0,2400,0,"Grassland",4,"Invertebrate",1,1.398,0
"CHARADRIIFORMES"," Scolopacidae","Calidris ruficollis","Red-necked Stint","NT","Rare/Accidental Near-threatened",26.8,"Grassland","open",3,"Carnivore","Aquatic predator","Terrestrial",971179.99,NA,NA,NA,54.2,54.5,NA,NA,NA,NA,NA,NA,NA,NA,NA,NA,NA,NA,NA,"ground","water",2472,4124,NA,"Red-necked Stint",NA,NA,NA,NA,NA,NA,NA,60,0,40,50,0,0,450,0,"Grassland",5,"Invertebrate",2,1,0
"CHARADRIIFORMES"," Scolopacidae","Calidris pygmaea","Spoon-billed Sandpiper","CR","Rare/Accidental Critically endangered",31.7,"Coastal","open",3,"Carnivore","Aquatic predator","Terrestrial",54414.21,NA,NA,NA,53.4,54.4,NA,NA,NA,NA,NA,NA,NA,NA,NA,NA,NA,NA,NA,"ground","water",2471,4141,NA,NA,NA,NA,"Eurynorhynchus pygmeus",NA,NA,NA,NA,80,0,20,50,0,0,70,0,"Coastal",3,"Invertebrate",2,1.222,0
"CHARADRIIFORMES"," Scolopacidae","Calidris subruficollis","Buff-breasted Sandpiper","VU","Vulnerable",62.1,"Grassland","open",3,"Carnivore","Omnivore","Terrestrial",642423.52,15,1,1,69.8,54.7,"scrape","ground","ground_nest",NA,"open",0,100,0,0,0,0,0,"ground","ground",NA,2481,4140,1670,NA,"Tryngites subruficollis","Calidris subruficollis","Tryngites subruficollis",0,0,0,0,80,0,20,100,0,0,1000,0,"Grassland",2,"Invertebrate",1,1.699,0
"CHARADRIIFORMES"," Scolopacidae","Calidris alba","Sanderling","LC","",51.7,"Coastal","open",3,"Carnivore","Aquatic predator","Terrestrial",1344741.13,13,2,1.5,62.7,52.3,"scrape","ground","ground_nest",NA,"open",0,100,0,0,0,0,0,"ground","ground",NA,2473,4120,1600,"Sanderling","Calidris alba",NA,NA,0,0,0,0,60,0,0,100,0,0,60,0,"Coastal",3,"Invertebrate",1,1.523,0
"CHARADRIIFORMES"," Scolopacidae","Calidris alpina","Dunlin","NT","Near-threatened",51.9,"Wetland","open",3,"Carnivore","Aquatic predator","Terrestrial",4754236.34,24,2,1,61.6,53.4,"scrape","ground","ground_nest",NA,"open",0,100,0,0,0,0,0,"ground","ground","water",2474,4135,1610,"Dunlin","Calidris alpina",NA,NA,0,0,0,0,80,0,0,80,0,0,500,0,"Wetland",3,"Invertebrate",1,1.523,0
"CHARADRIIFORMES"," Scolopacidae","Calidris maritima","Purple Sandpiper","LC","Rare/Accidental",65.1,"Grassland","open",3,"Carnivore","Aquatic predator","Terrestrial",2008818.99,20,1.5,1,61,50.5,"scrape","ground","ground_nest",NA,"open",0,100,0,0,0,0,0,"ground","ground","understory",2476,4133,1630,"Purple Sandpiper","Calidris maritima",NA,NA,0,0,0,0,70,0,10,60,20,0,1400,0,"Grassland",3,"Invertebrate",2,1.222,0
"CHARADRIIFORMES"," Scolopacidae","Calidris ptilocnemis","Rock Sandpiper","LC","",81.3,"Grassland","open",3,"Carnivore","Aquatic predator","Terrestrial",320856.4,7,1.5,1,65,49.8,"scrape","ground","ground_nest",NA,"open",0,100,0,0,0,0,0,NA,"ground","water",2475,4134,1620,"Rock Sandpiper","Calidris ptilocnemis",NA,NA,0,0,0,0,100,0,0,50,0,0,300,0,"Grassland",3,"Invertebrate",1,1.523,0
"CHARADRIIFORMES"," Scolopacidae","Calidris bairdii","Baird's Sandpiper","LC","",41,"Grassland","open",3,"Carnivore","Aquatic predator","Terrestrial",2767245.54,15,1,1,66.7,55.2,"scrape","ground","ground_nest",NA,"open",0,100,0,0,0,0,0,"ground","ground","water",2477,4129,1640,"Baird's Sandpiper","Calidris bairdii",NA,NA,0,0,0,0,100,0,0,80,0,0,4500,0,"Grassland",4,"Invertebrate",1,1.398,0
"CHARADRIIFORMES"," Scolopacidae","Calidris minuta","Little Stint","LC","Rare/Accidental",21.1,"Grassland","open",3,"Carnivore","Aquatic predator","Terrestrial",1734619.92,NA,NA,NA,46.7,50.6,NA,NA,NA,NA,NA,NA,NA,NA,NA,NA,NA,NA,NA,"ground","water",2478,4123,NA,"Little Stint",NA,NA,NA,NA,NA,NA,NA,70,0,0,50,0,0,500,0,"Grassland",3,"Invertebrate",1,1.523,0
"CHARADRIIFORMES"," Scolopacidae","Calidris fuscicollis","White-rumped Sandpiper","VU","Rare/Accidental Vulnerable",43,"Wetland","open",3,"Carnivore","Aquatic predator","Terrestrial",1363375.36,15,1,1,64,54,"scrape","ground","ground_nest",NA,"open",0,100,0,0,0,0,0,"ground","ground","water",2480,4128,1660,"White-rumped Sandpiper","Calidris fuscicollis",NA,NA,0,0,0,0,80,0,20,80,0,0,1200,0,"Wetland",5,"Invertebrate",2,1,0
"CHARADRIIFORMES"," Scolopacidae","Calidris minutilla","Least Sandpiper","NT","Near-threatened",22.9,"Wetland","open",3,"Carnivore","Aquatic predator","Terrestrial",4973788.94,16,1.2,1,32.1,37.7,"scrape","ground","ground_nest",NA,"open",0,100,0,0,0,0,0,"ground","ground","water",2479,4127,1650,"Least Sandpiper","Calidris minutilla",NA,NA,0,0,0,0,100,0,0,80,0,0,1500,0,"Wetland",3,"Invertebrate",2,1.222,0
"CHARADRIIFORMES"," Scolopacidae","Calidris melanotos","Pectoral Sandpiper","LC","",79.7,"Wetland","open",3,"Carnivore","Aquatic predator","Terrestrial",2362488.1,5,1,1,67.1,53.4,"scrape","ground","ground_nest",NA,"open",0,100,0,0,0,0,0,"ground","ground","water",2482,4130,1680,"Pectoral Sandpiper","Calidris melanotos",NA,NA,0,0,0,0,80,0,20,80,0,0,4500,0,"Wetland",4,"Invertebrate",4,0.796,0
"CHARADRIIFORMES"," Scolopacidae","Calidris mauri","Western Sandpiper","LC","",27.8,"Shrubland","open",3,"Carnivore","Aquatic predator","Terrestrial",310485.3,9,1.5,1.1,45.5,49,"scrape","ground","ground_nest",NA,"open",0,100,0,0,0,0,0,NA,"ground","water",2484,4122,1700,"Western Sandpiper","Calidris mauri",NA,NA,0,0,0,0,90,0,10,50,0,0,2500,0,"Shrub",3,"Invertebrate",1,1.523,0
"CHARADRIIFORMES"," Scolopacidae","Calidris pusilla","Semipalmated Sandpiper","NT","Near-threatened",27.5,"Grassland","open",3,"Carnivore","Aquatic predator","Terrestrial",2634809.84,16,2.5,1,50.9,54.2,"scrape","ground","ground_nest",NA,"open",0,100,0,0,0,0,0,"ground","ground","water",2483,4121,1690,"Semipalmated Sandpiper","Calidris pusilla",NA,NA,0,0,0,0,80,0,20,80,0,0,400,0,"Grassland",5,"Invertebrate",1,1.301,0
"CHARADRIIFORMES"," Stercorariidae","Stercorarius longicaudus","Long-tailed Jaeger","LC","",287.9,"Marine","open",3,"Carnivore","Aquatic predator","Aerial",6233403.78,8,3,1,181.4,60.2,"scrape","ground","ground_nest",NA,"open",0,100,0,0,0,0,0,"ground","ground",NA,2678,4345,1870,"Long-tailed Jaeger","Stercorarius longicaudus",NA,NA,0,0,0,0,30,0,0,100,0,0,1300,0,"Sea",2,"Carnivore",4,1.097,0
"CHARADRIIFORMES"," Stercorariidae","Stercorarius parasiticus","Parasitic Jaeger","LC","Rare/Accidental",444.3,"Marine","open",3,"Carnivore","Aquatic predator","Aerial",6277591.31,18,4,1,188.3,60.2,"scrape","ground","ground_nest",NA,"open",0,100,0,0,0,0,0,"ground","ground",NA,2679,4346,1860,"Parasitic Jaeger","Stercorarius parasiticus",NA,NA,0,0,0,0,20,0,0,100,0,0,700,0,"Sea",3,"Vertebrate",2,1.222,0
"CHARADRIIFORMES"," Stercorariidae","Stercorarius pomarinus","Pomarine Jaeger","LC","",692.5,"Marine","open",3,"Carnivore","Aquatic predator","Aerial",3233984.08,13,3,0.25,196.1,55.8,"scrape","ground","ground_nest",NA,"open",0,100,0,0,0,0,0,"ground","ground","water",2680,4348,1850,"Pomarine Jaeger","Stercorarius pomarinus",NA,NA,0,0,0,0,0,0,0,70,0,0,300,0,"Coastal",3,"Vertebrate",4,0.921,0
"CHARADRIIFORMES"," Stercorariidae","Stercorarius maccormicki","South Polar Skua","LC","",1347.1,"Marine","open",3,"Carnivore","Aquatic predator","Aerial",109012.82,NA,6,1,192.8,50,"scrape","ground",NA,NA,"open",NA,NA,NA,NA,NA,NA,NA,NA,"ground","water",2682,4351,NA,NA,NA,NA,"Catharacta maccormicki",NA,NA,NA,NA,0,0,0,50,0,0,0,0,"Sea",3,"Carnivore",4,0.921,0
"CHARADRIIFORMES"," Alcidae","Cerorhinca monocerata","Rhinoceros Auklet","LC","",482.2,"Marine","open",3,"Carnivore","Aquatic predator","Aquatic",316387.33,24,3,1,92.9,52,"burrow","ground","ground_nest",NA,"burrow",0,100,0,0,0,0,0,"water","water",NA,2685,4531,2030,"Rhinoceros Auklet","Cerorhinca monocerata",NA,NA,0,0,0,0,20,0,0,0,0,0,200,0,"Sea",2,"Fish",2,1.398,0
"CHARADRIIFORMES"," Alcidae","Fratercula cirrhata","Tufted Puffin","LC","",774.4,"Marine","open",3,"Carnivore","Aquatic predator","Aquatic",1056388.21,24,4.5,1,96.6,50.5,"burrow","ground","ground_nest","cliff_nest","burrow",0,70,0,0,0,0,0,"water","water",NA,2686,4534,2060,"Tufted Puffin","Fratercula cirrhata",NA,NA,0,0,0,0,30,0,0,0,0,0,0,0,"Sea",3,"Fish",2,1.222,0
"CHARADRIIFORMES"," Alcidae","Fratercula corniculata","Horned Puffin","LC","",536.1,"Marine","open",3,"Carnivore","Aquatic predator","Aquatic",1467964.71,20,4.5,1,96.8,52.3,"burrow","ground","ground_nest","cliff_nest","burrow",0,70,0,0,0,0,0,"water","water",NA,2688,4533,2050,"Horned Puffin","Fratercula corniculata",NA,NA,0,0,0,0,30,0,0,0,0,0,0,0,"Coastal",2,"Fish",2,1.398,0
"CHARADRIIFORMES"," Alcidae","Ptychoramphus aleuticus","Cassin's Auklet","NT","Near-threatened",184,"Marine","open",3,"Carnivore","Aquatic predator","Aquatic",122916.8,20,3,1.1,49.2,40.7,"burrow","ground","ground_nest",NA,"burrow",0,100,0,0,0,0,0,"water","water",NA,2689,4526,1980,"Cassin's Auklet","Ptychoramphus aleuticus",NA,NA,0,0,0,0,70,0,0,0,0,0,100,0,"Coastal",3,"Invertebrate",2,1.222,0
"CHARADRIIFORMES"," Alcidae","Aethia pusilla","Least Auklet","LC","Rare/Accidental",84,"Marine","open",3,"Carnivore","Aquatic predator","Aquatic",65157.07,10,3,1,37.7,40.4,"crevice","ground","ground_nest",NA,"crevice",0,100,0,0,0,0,0,"water","water",NA,2691,4530,2000,"Least Auklet","Aethia pusilla",NA,NA,0,0,0,0,100,0,0,0,0,0,0,0,"Sea",2,"Invertebrate",1,1.699,0
"CHARADRIIFORMES"," Alcidae","Aethia cristatella","Crested Auklet","LC","Rare/Accidental",259.4,"Marine","open",3,"Carnivore","Aquatic predator","Aquatic",479141.29,24,3.5,1,61,44.1,"crevice","ground","ground_nest",NA,"crevice",0,100,0,0,0,0,0,"water","water",NA,2693,4528,2020,"Crested Auklet","Aethia cristatella",NA,NA,0,0,0,0,80,0,0,0,0,0,500,0,"Sea",4,"Invertebrate",1,1.398,0
"CHARADRIIFORMES"," Alcidae","Aethia psittacula","Parakeet Auklet","LC","Rare/Accidental",270,"Marine","open",3,"Carnivore","Aquatic predator","Aquatic",400570.42,24,3.5,1,60.2,41.1,"crevice","ground","ground_nest","cliff_nest","crevice",0,70,0,0,0,0,0,"water","water",NA,2690,4527,1990,"Parakeet Auklet","Aethia psittacula",NA,NA,0,0,0,0,80,0,0,0,0,0,0,0,"Sea",3,"Invertebrate",2,1.222,0
"CHARADRIIFORMES"," Alcidae","Brachyramphus brevirostris","Kittlitz's Murrelet","NT","Rare/Accidental Near-threatened",234,"Marine","open",3,"Carnivore","Aquatic predator","Aquatic",709072.99,25,3.5,0.8,73.6,53.2,"no","ground","ground_nest",NA,"open",0,100,0,0,0,0,0,"water","water",NA,2696,4519,1950,"Kittlitz's Murrelet","Brachyramphus brevirostris",NA,NA,0,0,0,0,30,0,0,0,0,0,2555,0,"Coastal",3,"Fish",2,1.222,0
"CHARADRIIFORMES"," Alcidae","Brachyramphus marmoratus","Marbled Murrelet","EN","Endangered",220,"Marine","open",3,"Carnivore","Aquatic predator","Aquatic",1672345.18,24,3,0.9,72.2,58.4,"saucer",NA,"ground_nest","live_tree_nest","built.structure",50,50,0,0,50,40,10,"water","water",NA,2695,4517,1940,"Marbled Murrelet","Brachyramphus marmoratus",NA,NA,0,0,0,0,70,0,0,0,0,0,1100,2,"Coastal",4,"Fish",2,1.097,0
"CHARADRIIFORMES"," Alcidae","Cepphus columba","Pigeon Guillemot","LC","",530,"Marine","open",3,"Carnivore","Aquatic predator","Aquatic",1700815.29,14,3.5,1,69.2,40.1,"crevice","cliff","cliff_nest",NA,"crevice",0,0,0,0,0,0,0,"water","water",NA,2698,4513,1930,"Pigeon Guillemot","Cepphus columba",NA,NA,0,0,0,0,40,0,0,0,0,0,100,0,"Sea",3,"Carnivore",2,1.222,0
"CHARADRIIFORMES"," Alcidae","Alle alle","Dovekie","LC","Rare/Accidental",180.7,"Marine","open",3,"Carnivore","Aquatic predator","Aquatic",375517.37,24,2.5,1,59.5,51.3,"crevice","cliff","cliff_nest",NA,"crevice",0,0,0,0,0,0,0,"water","water",NA,2707,4507,1880,"Little Auk","Alle alle",NA,NA,0,0,0,0,100,0,0,0,0,0,0,0,"Sea",3,"Invertebrate",2,1.222,0
"CHARADRIIFORMES"," Alcidae","Uria lomvia","Thick-billed Murre","LC","Rare/Accidental",964,"Marine","open",3,"Carnivore","Aquatic predator","Aquatic",2199476.8,29,5.7,0.9,106.8,51.9,"no","cliff","cliff_nest",NA,"open",0,0,0,0,0,0,0,"water","water",NA,2708,4509,1900,"Thick-billed Guillemot","Uria lomvia",NA,NA,0,0,0,0,20,0,0,0,0,0,0,0,"Sea",3,"Fish",2,1.222,0
"CHARADRIIFORMES"," Alcidae","Uria aalge","Common Murre","LC","",991.9,"Marine","open",3,"Carnivore","Aquatic predator","Aquatic",1547284.08,34,5,0.92,111.2,57.5,"no","cliff","cliff_nest",NA,"open",0,0,0,0,0,0,0,"water","water",NA,2709,4508,1890,"Common Guillemot","Uria aalge",NA,NA,0,0,0,0,10,0,0,0,0,0,0,0,"Sea",3,"Fish",2,1.222,0
"CHARADRIIFORMES"," Alcidae","Synthliboramphus antiquus","Ancient Murrelet","LC","",217.7,"Marine","open",3,"Carnivore","Aquatic predator","Aquatic",435862.76,22,3,1,70.2,51.9,"burrow","ground","ground_nest",NA,"burrow",0,100,0,0,0,0,0,"water","water",NA,2700,4524,1970,"Ancient Murrelet","Synthliboramphus antiquus",NA,NA,0,0,0,0,70,0,0,0,0,0,100,0,"Sea",5,"Invertebrate",2,1,0
"CHARADRIIFORMES"," Alcidae","Synthliboramphus scrippsi","Scripps's Murrelet","VU","Rare/Accidental Vulnerable",167,"Marine","open",3,"Carnivore","Aquatic predator","Aquatic",135977.63,NA,NA,NA,60.5,50.5,NA,NA,NA,NA,NA,NA,NA,NA,NA,NA,NA,NA,NA,NA,NA,2702,NA,NA,NA,NA,NA,NA,NA,NA,NA,NA,NA,NA,NA,NA,NA,NA,0,0,"Sea",3,"Fish",2,1.222,0
"CHARADRIIFORMES"," Alcidae","Synthliboramphus hypoleucus","Guadalupe Murrelet","EN","Rare/Accidental Endangered",167,"Marine","open",3,"Carnivore","Aquatic predator","Aquatic",406457.35,24,3,0.9,58.3,48.8,"crevice","ground","ground_nest",NA,"crevice",0,100,0,0,0,0,0,"water","water",NA,2703,4520,1960,"Xantus's Murrelet","Synthliboramphus hypoleucus",NA,NA,0,0,0,0,20,0,0,0,0,0,0,0,"Sea",2,"Fish",2,1.398,0
"CHARADRIIFORMES"," Laridae","Hydrocoloeus minutus","Little Gull","LC","Rare/Accidental",118,"Coastal","open",2,"Carnivore","Aquatic predator","Generalist",8322361.57,5,2.5,1,126.6,57.9,"scrape","ground","ground_nest",NA,"open",0,100,0,0,0,0,0,"water","water","ground",2589,4435,2130,NA,"Larus minutus","Hydrocoloeus minutus","Larus minutus",0,0,0,0,80,0,0,30,0,0,500,0,"Coastal",3,"Invertebrate",2,1.222,0
"CHARADRIIFORMES"," Laridae","Rhodostethia rosea","Ross's Gull","LC","Rare/Accidental",187,"Coastal","open",2,"Carnivore","Aquatic predator","Aerial",1043162.18,21,0,0.8,152.2,60.1,"saucer","ground","ground_nest",NA,"built.structure",0,100,0,0,0,0,0,"water","water","ground",2590,4437,2140,"Ross's Gull","Rhodostethia rosea",NA,NA,0,0,0,0,80,0,0,40,0,0,0,0,"Coastal",4,"Invertebrate",2,1.097,0
"CHARADRIIFORMES"," Laridae","Rissa tridactyla","Black-legged Kittiwake","VU","Vulnerable",416,"Marine","open",2,"Carnivore","Aquatic predator","Aerial",2307068.48,20,5,1,179.1,59.4,"cup","cliff","cliff_nest",NA,"built.structure",0,0,0,0,0,0,0,"water","water",NA,2595,4440,2070,"Black-legged Kittiwake","Rissa tridactyla",NA,NA,0,0,0,0,30,0,10,0,0,0,0,0,"Sea",3,"Fish",3,1.046,0
"CHARADRIIFORMES"," Laridae","Rissa brevirostris","Red-legged Kittiwake","VU","Rare/Accidental Vulnerable",377,"Marine","open",2,"Carnivore","Aquatic predator","Aerial",192125.06,21,4,1,185.2,62.2,"cup","cliff","cliff_nest",NA,"built.structure",0,0,0,0,0,0,0,"water","water",NA,2594,4441,2080,"Red-legged Kittiwake","Rissa brevirostris",NA,NA,0,0,0,0,40,0,0,0,0,0,0,0,"Sea",2,"Fish",2,1.398,0
"CHARADRIIFORMES"," Laridae","Pagophila eburnea","Ivory Gull","NT","Rare/Accidental Near-threatened",550,"Marine","open",2,"Carnivore","Aquatic predator","Aerial",17367390.8,17,2,1,201.8,61,"saucer","ground","ground_nest","cliff_nest","built.structure",0,60,0,0,0,0,0,"ground","ground","water",2593,4436,2090,"Ivory Gull","Pagophila eburnea",NA,NA,0,0,0,0,30,0,0,70,0,0,1900,0,"Sea",3,"Fish",3,1.046,0
"CHARADRIIFORMES"," Laridae","Xema sabini","Sabine's Gull","LC","",198,"Marine","open",2,"Carnivore","Aquatic predator","Generalist",563350.81,15,2,0.8,156.8,59.4,"scrape","ground","ground_nest",NA,"open",0,100,0,0,0,0,0,"ground","ground","water",2592,4438,2100,"Sabine's Gull","Xema sabini",NA,NA,0,0,0,0,40,0,10,70,0,0,0,0,"Coastal",3,"Carnivore",5,0.824,0
"CHARADRIIFORMES"," Laridae","Chroicocephalus philadelphia","Bonaparte's Gull","LC","",210.7,"Wetland","open",2,"Carnivore","Omnivore","Aerial",4415568.74,18,2,1,153.2,59,"saucer","tree","live_tree_nest","any_tree_nest","built.structure",90,10,0,0,90,80,10,"water","water","ground",2596,4426,2110,NA,"Larus philadelphia","Chroicocephalus philadelphia","Larus philadelphia",0,0,0,0,50,0,0,10,0,0,600,0,"Coastal",3,"Carnivore",2,1.222,0
"CHARADRIIFORMES"," Laridae","Chroicocephalus ridibundus","Black-headed Gull","LC","Rare/Accidental",284,"Wetland","open",2,"Carnivore","Aquatic predator","Generalist",17767358.5,32,1.5,1,169.9,58.6,"scrape","ground","ground_nest","cliff_nest","open",0,80,0,0,0,0,0,NA,"ground","water",2599,4424,2120,NA,"Larus ridibundus","Chroicocephalus ridibundus","Larus ridibundus",0,0,0,0,70,0,10,50,0,0,500,0,"Wetland",5,"Invertebrate",4,0.699,0
"CHARADRIIFORMES"," Laridae","Leucophaeus atricilla","Laughing Gull","LC","Rare/Accidental",307.4,"Marine","open",2,"Carnivore","Aquatic predator","Aerial",1565115.04,19,3,1,166.5,57.3,"scrape","ground","ground_nest",NA,"open",0,100,0,0,0,0,0,NA,"water","ground",2609,4433,2150,NA,"Larus atricilla","Leucophaeus atricilla","Larus atricilla",0,0,0,0,40,0,0,40,10,0,0,0,"Coastal",1,"Invertebrate",3,1.523,0
"CHARADRIIFORMES"," Laridae","Leucophaeus pipixcan","Franklin's Gull","LC","",280,"Coastal","open",3,"Omnivore","Omnivore","Generalist",1433191.74,9,2,1,154.5,55.6,"scrape","float","float_nest",NA,"open",0,0,0,0,0,0,0,NA,"ground","understory",2608,4434,2160,NA,"Larus pipixcan","Leucophaeus pipixcan","Larus pipixcan",10,0,0,0,40,0,20,40,30,0,2500,0,"Coastal",4,"Carnivore",4,0.796,0
"CHARADRIIFORMES"," Laridae","Larus crassirostris","Black-tailed Gull","LC","Rare/Accidental",561,"Coastal","open",2,"Carnivore","Aquatic predator","Aerial",187875.39,NA,NA,NA,217.2,59.1,NA,NA,NA,NA,NA,NA,NA,NA,NA,NA,NA,NA,"water","water",NA,2619,4371,NA,"Black-tailed Gull",NA,NA,NA,NA,NA,NA,NA,30,0,0,0,0,0,0,0,"Coastal",2,"Fish",3,1.222,0
"CHARADRIIFORMES"," Laridae","Larus heermanni","Heermann's Gull","NT","Near-threatened",500,"Coastal","open",1,"Carnivore","Aquatic predator","Aerial",842438.69,27,3.75,1,185.8,55.2,"scrape","ground","ground_nest",NA,"open",0,100,0,0,0,0,0,"water","water","ground",2617,4373,2170,"Heermann's Gull","Larus heermanni",NA,NA,0,0,0,0,40,0,0,20,0,0,50,0,"Coastal",2,"Fish",2,1.398,0
"CHARADRIIFORMES"," Laridae","Larus canus","Common Gull","LC","Rare/Accidental",412.5,"Coastal","open",3,"Carnivore","Omnivore","Terrestrial",17992527.98,33,3,1,206.2,58.6,"scrape","ground","ground_nest",NA,"open",0,100,0,0,0,0,0,"water","water","ground",2623,4376,2180,"Mew Gull","Larus canus","Larus brachyrhynchus",NA,0,0,0,0,40,0,0,40,0,0,1400,0,"Coastal",2,"Carnivore",6,0.921,0
"CHARADRIIFORMES"," Laridae","Larus brachyrhynchus","Short-billed Gull","","",412.5,"Coastal","open",3,"Carnivore","Omnivore","Terrestrial",17992527.98,33,3,1,206.2,58.6,"scrape","ground","ground_nest",NA,"open",0,100,0,0,0,0,0,"water","water","ground",2623,4376,2180,"Mew Gull","Larus canus",NA,"Larus canus",0,0,0,0,40,0,0,40,0,0,1280,0,"Coastal",6,"Invertebrate",2,0.921,0
"CHARADRIIFORMES"," Laridae","Larus delawarensis","Ring-billed Gull","LC","",516.3,"Coastal","open",2,"Carnivore","Omnivore","Terrestrial",5396423.36,28,3,1,205.5,56.2,"saucer","ground","ground_nest",NA,"built.structure",0,100,0,0,0,0,0,"ground","ground","water",2622,4381,2190,"Ring-billed Gull","Larus delawarensis",NA,NA,0,0,0,0,30,0,10,70,0,0,100,0,"Coastal",4,"Carnivore",5,0.699,0
"CHARADRIIFORMES"," Laridae","Larus occidentalis","Western Gull","LC","",922.8,"Marine","open",2,"Carnivore","Omnivore","Generalist",91633.8,20,5.4,1,200.6,51,"saucer","ground","ground_nest",NA,"built.structure",0,100,0,0,0,0,0,"ground","ground","water",2625,4388,2200,"Western Gull","Larus occidentalis",NA,NA,0,0,0,0,20,0,0,80,0,0,0,0,"Coastal",2,"Fish",3,1.222,0
"CHARADRIIFORMES"," Laridae","Larus smithsonianus","American Herring Gull","LC","",1091,"Coastal","open",2,"Carnivore","Aquatic predator","Generalist",12348737.52,31,4.5,0.9,240.8,56.1,"saucer","ground","ground_nest","cliff_nest","built.structure",10,60,0,0,10,5,5,"water","water","ground",2633,4396,2220,"Herring Gull","Larus argentatus",NA,"Larus argentatus",0,0,0,0,30,0,0,40,0,0,2000,7,"Coastal",7,"Carnivore",4,0.553,0
"CHARADRIIFORMES"," Laridae","Larus vegae","Vega Gull","","Rare/Accidental",1091,"Coastal","open",2,"Carnivore","Aquatic predator","Generalist",1540126.95,NA,NA,NA,230.3,53.4,NA,NA,NA,NA,NA,NA,NA,NA,NA,NA,NA,NA,NA,NA,NA,2629,NA,NA,NA,NA,NA,NA,NA,NA,NA,NA,NA,NA,NA,NA,NA,NA,NA,4,"Coastal",6,"Carnivore",6,0.444,0
"CHARADRIIFORMES"," Laridae","Larus marinus","Great Black-backed Gull","LC","Rare/Accidental",1649.7,"Coastal","open",2,"Omnivore","Omnivore","Terrestrial",1075355.21,19,4.5,1,248.1,52.3,"saucer","ground","ground_nest",NA,"built.structure",0,100,0,0,0,0,0,"ground","ground","water",2638,4384,1280,"Great Black-backed Gull","Larus marinus",NA,NA,0,0,0,0,20,0,20,80,0,0,0,0,"Coastal",5,"Carnivore",5,0.602,0
"CHARADRIIFORMES"," Laridae","Larus hyperboreus","Glaucous Gull","LC","",1529,"Coastal","open",3,"Carnivore","Omnivore","Generalist",2430897.95,22,4,0.8,240.9,51.8,"saucer","cliff","cliff_nest","ground_nest","built.structure",0,30,0,0,0,0,0,NA,"ground","water",2637,4390,2250,"Glaucous Gull","Larus hyperboreus",NA,NA,0,0,0,0,20,0,0,50,0,0,0,0,"Coastal",3,"Carnivore",4,0.921,0
"CHARADRIIFORMES"," Laridae","Larus fuscus","Lesser Black-backed Gull","LC","Rare/Accidental",762.4,"Coastal","open",2,"Carnivore","Aquatic predator","Generalist",4200335.24,20,3,1,235.5,57.4,"saucer",NA,"ground_nest","cliff_nest","built.structure",0,40,0,0,0,0,0,"water","water","ground",2628,4411,2206,"Lesser Black-backed Gull","Larus fuscus",NA,NA,0,0,0,0,30,0,0,30,0,0,0,0,"Coastal",7,"Carnivore",4,0.553,0
"CHARADRIIFORMES"," Laridae","Larus californicus","California Gull","LC","",683.4,"Coastal","open",2,"Omnivore","Omnivore","Terrestrial",1997786.84,27,4,1,220.2,58.4,"scrape","ground","ground_nest",NA,"open",0,100,0,0,0,0,0,"ground","ground","water",2626,4383,2210,"California Gull","Larus californicus",NA,NA,0,0,0,0,20,0,20,80,0,0,2770,0,"Coastal",4,"Carnivore",4,0.796,0
"CHARADRIIFORMES"," Laridae","Larus glaucescens","Glaucous-winged Gull","LC","",1056.5,"Coastal","open",3,"Carnivore","Aquatic predator","Generalist",899194.26,32,5.4,1,218.2,53,"saucer","cliff","cliff_nest","ground_nest","built.structure",0,30,0,0,0,0,0,"water","water","ground",2636,4386,2240,"Glaucous-winged Gull","Larus glaucescens",NA,NA,0,0,0,0,30,0,0,30,0,0,0,0,"Coastal",3,"Carnivore",4,0.921,0
"CHARADRIIFORMES"," Laridae","Larus schistisagus","Slaty-backed Gull","LC","Rare/Accidental",1323,"Coastal","open",2,"Carnivore","Omnivore","Generalist",1114985.14,20,3,1,231,53.1,"saucer",NA,"ground_nest","cliff_nest","built.structure",0,50,0,0,0,0,0,"water","water","ground",2635,4403,2205,"Slaty-backed Gull","Larus schistisagus",NA,NA,0,0,0,0,30,0,0,30,0,0,0,0,"Coastal",2,"Carnivore",4,1.097,0
"CHARADRIIFORMES"," Laridae","Larus glaucoides","Iceland Gull","LC","",693.3,"Coastal","open",3,"Carnivore","Aquatic predator","Generalist",1717217.56,18,4,1,216.7,54.9,"saucer","cliff","cliff_nest","ground_nest","built.structure",0,30,0,0,0,0,0,"water","water","ground",2634,4391,2230,"Iceland Gull","Larus glaucoides","Larus thayeri",NA,0,0,0,0,20,0,10,30,0,0,0,0,"Coastal",3,"Fish",3,1.046,0
"CHARADRIIFORMES"," Laridae","Sternula antillarum","Least Tern","LC","Rare/Accidental",45.9,"Marine","open",3,"Carnivore","Aquatic predator","Aerial",1340830.63,24,2,1,114.2,69.1,"scrape","ground","ground_nest",NA,"open",0,100,0,0,0,0,0,"water","water",NA,2645,4474,2290,NA,"Sterna antillarum","Sternula antillarum","Sterna antillarum",0,0,0,0,50,0,0,0,0,0,500,0,"Coastal",4,"Fish",2,1.097,0
"CHARADRIIFORMES"," Laridae","Hydroprogne caspia","Caspian Tern","LC","",655,"Wetland","open",3,"Carnivore","Aquatic predator","Aerial",6293644.91,26,3,1,268.2,65.1,"scrape","ground","ground_nest",NA,"open",0,100,0,0,0,0,0,"water","water",NA,2653,4447,2310,NA,"Sterna caspia","Hydroprogne caspia","Sterna caspia",0,0,0,0,0,0,0,0,0,0,500,0,"Coastal",4,"Fish",1,1.398,0
"CHARADRIIFORMES"," Laridae","Chlidonias niger","Black Tern","LC","",65.3,"Wetland","open",3,"Carnivore","Aquatic predator","Aerial",12943719.56,17,2,1.2,123.7,62.1,"platform","float","float_nest","ground_nest","platform",0,40,0,0,0,0,0,"water","water",NA,2658,4488,2320,"Black Tern","Chlidonias niger",NA,NA,20,0,0,0,40,0,0,0,0,0,1540,0,"Wetland",3,"Fish",2,1.222,0
"CHARADRIIFORMES"," Laridae","Sterna forsteri","Forster's Tern","LC","",149,"Wetland","open",3,"Carnivore","Aquatic predator","Aerial",1801878.95,12,2,1,173.5,68.7,"platform","float","float_nest","ground_nest","platform",0,20,0,0,0,0,0,"water","water",NA,2669,4469,2360,"Forster's Tern","Sterna forsteri",NA,NA,0,0,0,0,20,0,0,0,0,0,2500,0,"Wetland",3,"Fish",2,1.222,0
"CHARADRIIFORMES"," Laridae","Sterna paradisaea","Arctic Tern","LC","",110,"Coastal","open",3,"Carnivore","Aquatic predator","Aerial",10398468.44,34,3.5,1,181.1,69.1,"scrape","ground","ground_nest",NA,"open",0,100,0,0,0,0,0,"water","water",NA,2666,4465,2350,"Arctic Tern","Sterna paradisaea",NA,NA,0,0,0,0,10,0,0,0,0,0,100,0,"Coastal",4,"Fish",2,1.097,0
"CHARADRIIFORMES"," Laridae","Sterna hirundo","Common Tern","LC","",129.2,"Marine","open",3,"Carnivore","Aquatic predator","Aerial",30248469.5,25,3,1,170.6,67.3,"scrape","ground","ground_nest",NA,"open",0,100,0,0,0,0,0,"water","water",NA,2664,4463,2340,"Common Tern","Sterna hirundo",NA,NA,0,0,0,0,10,0,0,0,0,0,4000,0,"Coastal",6,"Fish",2,0.921,0
"CHARADRIIFORMES"," Laridae","Thalasseus elegans","Elegant Tern","NT","Rare/Accidental Near-threatened",260,"Coastal","open",3,"Carnivore","Aquatic predator","Aerial",1309.31,24,3,1,194.5,66.6,"scrape","ground","ground_nest",NA,"open",0,100,0,0,0,0,0,"water","water",NA,2674,4451,2390,NA,"Sterna elegans","Thalasseus elegans","Sterna elegans",0,0,0,0,0,0,0,0,0,0,100,0,"Coastal",2,"Fish",1,1.699,0
"PODICIPEDIFORMES"," Podicipedidae","Podilymbus podiceps","Pied-billed Grebe","LC","",411.9,"Wetland","open",2,"Carnivore","Aquatic predator","Aquatic",21361785.48,13,1,1.5,41.8,34,"platform","float","float_nest",NA,"platform",0,0,0,0,0,0,0,"water","water",NA,554,5005,680,"Pied-billed Grebe","Podilymbus podiceps",NA,NA,0,0,0,0,70,0,0,0,0,0,4080,0,"Wetland",3,"Invertebrate",2,1.222,0
"PODICIPEDIFORMES"," Podicipedidae","Podiceps auritus","Horned Grebe","VU","Vulnerable",453,"Wetland","open",3,"Carnivore","Aquatic predator","Aquatic",16211072.27,5,1,1.25,57.2,42.2,"platform","float","float_nest",NA,"platform",0,0,0,0,0,0,0,"water","water",NA,563,5013,690,"Horned Grebe","Podiceps auritus",NA,NA,0,0,0,0,40,0,0,0,0,0,1000,0,"Wetland",3,"Invertebrate",3,1.046,0
"PODICIPEDIFORMES"," Podicipedidae","Podiceps grisegena","Red-necked Grebe","LC","",1023,"Wetland","open",3,"Carnivore","Aquatic predator","Aquatic",17383433.44,6,2,1,66.8,40.9,"platform","float","float_nest",NA,"platform",0,0,0,0,0,0,0,"water","water",NA,561,5010,700,"Red-necked Grebe","Podiceps grisegena",NA,NA,0,0,0,0,50,0,0,0,0,0,3016,0,"Wetland",3,"Carnivore",2,1.222,0
"PODICIPEDIFORMES"," Podicipedidae","Podiceps nigricollis","Eared Grebe","LC","",412.4,"Wetland","open",3,"Carnivore","Aquatic predator","Aquatic",16435591.3,12,1,1.25,55.1,44,"platform","float","float_nest",NA,"platform",0,0,0,0,0,0,0,"water","water",NA,564,5015,710,"Black-necked Grebe","Podiceps nigricollis",NA,NA,0,0,0,0,80,0,0,0,0,0,3530,0,"Wetland",4,"Invertebrate",3,0.921,0
"PODICIPEDIFORMES"," Podicipedidae","Aechmophorus occidentalis","Western Grebe","LC","",1137,"Wetland","open",3,"Carnivore","Aquatic predator","Aquatic",4866227.6,14,1,1,75.4,40.8,"platform","float","float_nest",NA,"platform",0,0,0,0,0,0,0,"water","water",NA,570,5024,720,"Western Grebe","Aechmophorus occidentalis",NA,NA,0,0,0,0,10,0,0,0,0,0,2100,0,"Wetland",3,"Fish",2,1.222,0
"PODICIPEDIFORMES"," Podicipedidae","Aechmophorus clarkii","Clark's Grebe","LC","",1090.9,"Wetland","open",3,"Carnivore","Aquatic predator","Aquatic",3589069.35,11,1,1,79.8,41.8,"platform","float","float_nest",NA,"platform",0,0,0,0,0,0,0,"water","water",NA,571,5026,730,"Clark's Grebe","Aechmophorus clarkii",NA,NA,0,0,0,0,10,0,0,0,0,0,2100,0,"Wetland",3,"Fish",2,1.222,0
"PHAETHONTIFORMES"," Phaethontidae","Phaethon rubricauda","Red-tailed Tropicbird","LC","Rare/Accidental",671.9,"Marine","open",3,"Carnivore","Aquatic predator","Aerial",187720.42,NA,NA,NA,226,68.8,NA,NA,NA,NA,NA,NA,NA,NA,NA,NA,NA,NA,"water","water",NA,579,5047,NA,"Red-tailed Tropicbird",NA,NA,NA,NA,NA,NA,NA,40,0,0,0,0,0,250,0,"Sea",2,"Fish",2,1.398,0
"GAVIIFORMES"," Gaviidae","Gavia stellata","Red-throated Loon","LC","",1486,"Wetland","open",3,"Carnivore","Aquatic predator","Aquatic",16657775.71,23,4,0.9,130.7,47.6,"saucer","ground","ground_nest",NA,"built.structure",0,100,0,0,0,0,0,"water","water",NA,1966,5440,2410,"Red-throated Loon","Gavia stellata",NA,NA,0,0,0,0,10,0,0,0,0,0,1070,3,"Wetland",3,"Fish",2,1.222,0
"GAVIIFORMES"," Gaviidae","Gavia arctica","Arctic Loon","LC","Rare/Accidental",2251.1,"Wetland","open",3,"Carnivore","Aquatic predator","Aquatic",18911193.89,27,2.5,0.9,145.3,50.8,"platform","ground","ground_nest",NA,"platform",0,100,0,0,0,0,0,"water","water",NA,1967,5442,2420,"Arctic Loon","Gavia arctica",NA,NA,0,0,0,0,20,0,0,0,0,0,500,0,"Wetland",2,"Fish",2,1.398,0
"GAVIIFORMES"," Gaviidae","Gavia pacifica","Pacific Loon","LC","",2251.1,"Wetland","open",3,"Carnivore","Aquatic predator","Aquatic",5397186.87,20,3,1,139,47.9,"platform","ground","ground_nest",NA,"platform",0,100,0,0,0,0,0,"water","water",NA,1968,19927,2430,"Pacific Loon","Gavia pacifica",NA,NA,0,0,0,0,20,0,0,0,0,0,500,0,"Wetland",2,"Fish",2,1.398,0
"GAVIIFORMES"," Gaviidae","Gavia immer","Common Loon","LC","",4956.8,"Wetland","open",3,"Carnivore","Aquatic predator","Aquatic",9453280.12,32,6,1,178,49.3,"platform","ground","ground_nest",NA,"platform",0,100,0,0,0,0,0,"water","water",NA,1969,5446,2440,"Common Loon","Gavia immer",NA,NA,0,0,0,0,10,0,0,0,0,0,500,0,"Wetland",2,"Fish",3,1.222,0
"GAVIIFORMES"," Gaviidae","Gavia adamsii","Yellow-billed Loon","NT","Rare/Accidental Near-threatened",4944.3,"Wetland","open",3,"Carnivore","Aquatic predator","Aquatic",4030133.52,11,4,1,190.2,51,"saucer","ground","ground_nest",NA,"built.structure",0,100,0,0,0,0,0,"water","water",NA,1970,5447,2450,"Yellow-billed Loon","Gavia adamsii",NA,NA,0,0,0,0,20,0,0,0,0,0,500,0,"Wetland",3,"Fish",1,1.523,0
"PROCELLARIIFORMES"," Diomedeidae","Phoebastria immutabilis","Laysan Albatross","NT","Near-threatened",3145.9,"Marine","open",2,"Carnivore","Aquatic predator","Aquatic",45350856.11,NA,NA,NA,313,66.2,NA,NA,NA,NA,NA,NA,NA,NA,NA,NA,NA,NA,"water","water",NA,2026,5582,NA,"Laysan Albatross",NA,NA,NA,NA,NA,NA,NA,70,0,0,0,0,0,50,0,"Sea",1,"Invertebrate",3,1.523,0
"PROCELLARIIFORMES"," Diomedeidae","Phoebastria nigripes","Black-footed Albatross","NT","Near-threatened",3188.4,"Marine","open",2,"Carnivore","Aquatic predator","Aquatic",84626560.97,NA,NA,NA,313.2,64.7,NA,NA,NA,NA,NA,NA,NA,NA,NA,NA,NA,NA,"water","water",NA,2025,5581,NA,"Black-footed Albatross",NA,NA,NA,NA,NA,NA,NA,20,0,0,0,0,0,50,0,"Sea",2,"Carnivore",2,1.398,0
"PROCELLARIIFORMES"," Diomedeidae","Phoebastria albatrus","Short-tailed Albatross","VU","Vulnerable",4411,"Marine","open",2,"Carnivore","Aquatic predator","Aquatic",48012515.04,NA,NA,NA,364.8,66.3,NA,NA,NA,NA,NA,NA,NA,NA,NA,NA,NA,NA,"water","water",NA,2027,5580,NA,"Short-tailed Albatross",NA,NA,NA,NA,NA,NA,NA,70,0,0,0,0,0,150,0,"Sea",2,"Invertebrate",2,1.398,0
"PROCELLARIIFORMES"," Hydrobatidae","Hydrobates furcatus","Fork-tailed Storm-Petrel","LC","",59.7,"Marine","open",3,"Carnivore","Aquatic predator","Aerial",19594359.95,14,3.5,1,93.8,60.8,"burrow","cliff","cliff_nest",NA,"burrow",0,0,0,0,0,0,0,"water","water",NA,2014,5622,2460,"Fork-tailed Storm-petrel","Oceanodroma furcata",NA,"Oceanodroma furcata",0,0,0,0,60,0,0,0,0,0,0,0,"Sea",3,"Fish",2,1.222,0
"PROCELLARIIFORMES"," Hydrobatidae","Hydrobates leucorhous","Leach's Storm-Petrel","VU","Vulnerable",36.7,"Marine","open",3,"Carnivore","Aquatic predator","Aerial",110025337.7,NA,NA,NA,88.2,58.8,NA,NA,NA,NA,NA,NA,NA,NA,NA,NA,NA,NA,NA,NA,NA,2009,NA,NA,NA,NA,NA,NA,NA,NA,NA,NA,NA,NA,NA,NA,NA,NA,0,0,"Sea",2,"Fish",2,1.398,0
"PROCELLARIIFORMES"," Procellariidae","Fulmarus glacialis","Northern Fulmar","LC","Rare/Accidental",611.9,"Marine","open",3,"Carnivore","Aquatic predator","Aquatic",29451058.1,31,5,0.95,162.5,51.1,"scrape","cliff","cliff_nest","ground_nest","open",0,20,0,0,0,0,0,"water","water",NA,2040,5462,2500,"Northern Fulmar","Fulmarus glacialis",NA,NA,0,0,0,0,40,0,0,0,0,0,300,0,"Sea",2,"Carnivore",2,1.398,0
"PROCELLARIIFORMES"," Procellariidae","Pterodroma ultima","Murphy's Petrel","LC","Rare/Accidental",360,"Marine","open",2,"Carnivore","Aquatic predator","Generalist",66311108.88,NA,NA,NA,175,67.3,NA,NA,NA,NA,NA,NA,NA,NA,NA,NA,NA,NA,"water","water",NA,2064,5497,NA,"Murphy's Petrel",NA,NA,NA,NA,NA,NA,NA,100,0,0,0,0,0,0,0,"Sea",2,"Invertebrate",2,1.398,0
"PROCELLARIIFORMES"," Procellariidae","Pterodroma inexpectata","Mottled Petrel","NT","Near-threatened",316,"Marine","open",2,"Carnivore","Aquatic predator","Aerial",119601845,NA,NA,NA,166.2,66.5,NA,NA,NA,NA,NA,NA,NA,NA,NA,NA,NA,NA,"water","water",NA,2072,5480,NA,"Mottled Petrel",NA,NA,NA,NA,NA,NA,NA,50,0,0,0,0,0,350,0,"Sea",3,"Invertebrate",2,1.222,0
"PROCELLARIIFORMES"," Procellariidae","Pterodroma sandwichensis","Hawaiian Petrel","EN","Rare/Accidental Endangered",400.8,"Marine","open",2,"Carnivore","Aquatic predator","Generalist",19212039.47,NA,NA,NA,133.3,49.2,NA,NA,NA,NA,NA,NA,NA,NA,NA,NA,NA,NA,"water","water",NA,2073,19932,NA,"Hawaiian Petrel",NA,NA,NA,NA,NA,NA,NA,50,0,0,0,0,0,3000,4,"Sea",5,"Invertebrate",2,1,0
"PROCELLARIIFORMES"," Procellariidae","Pterodroma cookii","Cook's Petrel","VU","Rare/Accidental Vulnerable",177.9,"Marine","open",2,"Carnivore","Aquatic predator","Aerial",120250835.9,NA,NA,NA,135.5,64.1,NA,NA,NA,NA,NA,NA,NA,NA,NA,NA,NA,NA,"water","water",NA,2059,5484,NA,"Cook's Petrel",NA,NA,NA,NA,NA,NA,NA,80,0,0,0,0,0,700,2,"Sea",2,"Invertebrate",3,1.222,0
"PROCELLARIIFORMES"," Procellariidae","Ardenna creatopus","Pink-footed Shearwater","VU","Vulnerable",744,"Marine","open",3,"Carnivore","Aquatic predator","Generalist",14595563.55,NA,NA,NA,203,62.6,NA,NA,NA,NA,NA,NA,NA,NA,NA,NA,NA,NA,"water","water",NA,2100,5537,NA,NA,NA,NA,"Puffinus creatopus",NA,NA,NA,NA,50,0,0,0,0,0,390,2,"Sea",3,"Invertebrate",2,1.222,0
"PROCELLARIIFORMES"," Procellariidae","Ardenna carneipes","Flesh-footed Shearwater","NT","Near-threatened",609,"Marine","open",3,"Carnivore","Aquatic predator","Aerial",117469913.7,NA,NA,NA,188.5,61,NA,NA,NA,NA,NA,NA,NA,NA,NA,NA,NA,NA,"water","water",NA,2099,5536,NA,NA,NA,NA,"Puffinus carneipes",NA,NA,NA,NA,50,0,0,0,0,0,0,0,"Sea",2,"Carnivore",2,1.398,0
"PROCELLARIIFORMES"," Procellariidae","Ardenna gravis","Great Shearwater","LC","Rare/Accidental",849,"Marine","open",3,"Carnivore","Aquatic predator","Aerial",63607065.14,NA,NA,NA,195.2,61.9,NA,NA,NA,NA,NA,NA,NA,NA,NA,NA,NA,NA,"water","water",NA,2098,5539,NA,NA,NA,NA,"Puffinus gravis",NA,NA,NA,NA,40,0,0,0,0,0,600,0,"Sea",3,"Carnivore",3,1.046,0
"PROCELLARIIFORMES"," Procellariidae","Ardenna bulleri","Buller's Shearwater","VU","Vulnerable",407,"Marine","open",3,"Carnivore","Aquatic predator","Aquatic",109799820.9,NA,NA,NA,163.2,59.1,NA,NA,NA,NA,NA,NA,NA,NA,NA,NA,NA,NA,"water","water",NA,2095,5535,NA,NA,NA,NA,"Puffinus bulleri",NA,NA,NA,NA,60,0,0,0,0,0,200,3,"Sea",4,"Fish",2,1.097,0
"PROCELLARIIFORMES"," Procellariidae","Ardenna grisea","Sooty Shearwater","NT","Near-threatened",787,"Marine","open",3,"Carnivore","Aquatic predator","Generalist",21320331.91,NA,NA,NA,181.5,61.8,NA,NA,NA,NA,NA,NA,NA,NA,NA,NA,NA,NA,"water","water",NA,2097,5540,NA,NA,NA,NA,"Puffinus griseus",NA,NA,NA,NA,30,0,0,0,0,0,1500,4,"Sea",4,"Fish",2,1.097,0
"PROCELLARIIFORMES"," Procellariidae","Ardenna tenuirostris","Short-tailed Shearwater","LC","",559,"Marine","open",3,"Carnivore","Aquatic predator","Generalist",112949641.5,30,6,1,165,63.8,NA,NA,NA,NA,NA,NA,NA,NA,NA,NA,NA,NA,"water","water",NA,2096,5541,NA,NA,NA,NA,"Puffinus tenuirostris",NA,NA,NA,NA,30,0,0,0,0,0,0,0,"Sea",4,"Invertebrate",2,1.097,0
"PROCELLARIIFORMES"," Procellariidae","Puffinus puffinus","Manx Shearwater","LC","Rare/Accidental",453.3,"Marine","open",3,"Carnivore","Aquatic predator","Generalist",69101740.74,36,7,1,143.2,61.6,"burrow","cliff","cliff_nest",NA,"burrow",0,0,0,0,0,0,0,"water","water",NA,2117,5543,2510,"Manx Shearwater","Puffinus puffinus",NA,NA,0,0,0,0,20,0,0,0,0,0,1000,0,"Sea",3,"Fish",2,1.222,0
"PROCELLARIIFORMES"," Procellariidae","Puffinus opisthomelas","Black-vented Shearwater","NT","Rare/Accidental Near-threatened",408,"Marine","open",2,"Carnivore","Aquatic predator","Generalist",1884049.53,NA,NA,NA,146.5,63.5,NA,NA,NA,NA,NA,NA,NA,NA,NA,NA,NA,NA,"water","water",NA,2109,5550,NA,"Black-vented Shearwater",NA,NA,NA,NA,NA,NA,NA,0,0,0,0,0,0,50,0,"Sea",3,"Fish",2,1.222,0
"CICONIIFORMES"," Ciconiidae","Mycteria americana","Wood Stork","LC","Rare/Accidental",2554.5,"Wetland","open",2,"Carnivore","Aquatic predator","Terrestrial",14553444.64,11,3,1,165.1,37,"platform","tree","live_tree_nest","any_tree_nest","platform",100,0,0,0,100,60,40,NA,"ground","water",2139,5358,2520,"Wood Stork","Mycteria americana",NA,NA,0,0,0,0,20,0,0,50,0,0,800,3,"Wetland",4,"Fish",3,0.921,0
"SULIFORMES"," Fregatidae","Fregata magnificens","Magnificent Frigatebird","LC","Rare/Accidental",1490.5,"Marine","open",3,"Carnivore","Aquatic predator","Aerial",191468.89,34,6,1,413,64,"platform","shrub","shrub_nest","ground_nest","platform",0,20,80,0,0,0,0,"water","water",NA,2275,5397,2530,"Magnificent Frigatebird","Fregata magnificens",NA,NA,0,0,0,0,10,0,0,0,0,0,0,0,"Sea",4,"Fish",2,1.097,0
"SULIFORMES"," Sulidae","Sula sula","Red-footed Booby","LC","Rare/Accidental",1031.1,"Marine","open",2,"Carnivore","Aquatic predator","Aerial",122459893.2,NA,NA,NA,229.2,62,NA,NA,NA,NA,NA,NA,NA,NA,NA,NA,NA,NA,"water","water",NA,2281,5063,NA,"Red-footed Booby",NA,NA,NA,NA,NA,NA,NA,50,0,0,0,0,0,100,0,"Sea",2,"Fish",2,1.398,0
"SULIFORMES"," Sulidae","Sula brewsteri","Cocos Booby","","Rare/Accidental",1288.8,"Marine","open",2,"Carnivore","Aquatic predator","Aerial",26818777.48,NA,NA,NA,232,59.3,NA,NA,NA,NA,NA,NA,NA,NA,NA,NA,NA,NA,NA,NA,NA,2282,NA,NA,NA,NA,NA,NA,NA,NA,NA,NA,NA,NA,NA,NA,NA,NA,15,0,"Sea",3,"Fish",1,1.523,0
"SULIFORMES"," Sulidae","Sula dactylatra","Masked Booby","LC","Rare/Accidental",1732.1,"Marine","open",2,"Carnivore","Aquatic predator","Aerial",130196617.9,23,4,1,257.2,62.4,"scrape","ground","ground_nest",NA,"open",0,100,0,0,0,0,0,"water","water",NA,2285,5059,2491,"Masked Booby","Sula dactylatra",NA,NA,0,0,0,0,0,0,0,0,0,0,0,0,"Sea",3,"Fish",2,1.222,0
"SULIFORMES"," Sulidae","Sula granti","Nazca Booby","LC","Rare/Accidental",1732.1,"Marine","open",2,"Carnivore","Aquatic predator","Aerial",1390871.94,NA,NA,NA,235.3,56.4,NA,NA,NA,NA,NA,NA,NA,NA,NA,NA,NA,NA,"water","water",NA,2286,19917,NA,"Nazca Booby",NA,NA,NA,NA,NA,NA,NA,0,0,0,0,0,0,100,0,"Sea",3,"Fish",1,1.523,0
"SULIFORMES"," Sulidae","Sula nebouxii","Blue-footed Booby","LC","Rare/Accidental",1520.1,"Marine","open",2,"Carnivore","Aquatic predator","Aerial",4287194.46,23,4,1,236,57.5,"scrape","ground","ground_nest",NA,"open",0,100,0,0,0,0,0,"water","water",NA,2283,5057,2492,"Blue-footed Booby","Sula nebouxii",NA,NA,0,0,0,0,0,0,0,0,0,0,100,0,"Sea",3,"Fish",1,1.523,0
"SULIFORMES"," Phalacrocoracidae","Urile penicillatus","Brandt's Cormorant","LC","",2224.2,"Marine","open",2,"Carnivore","Aquatic predator","Aquatic",326313.7,18,2,1,103.2,37.1,"saucer","ground","ground_nest",NA,"built.structure",0,100,0,0,0,0,0,"water","water",NA,2306,5085,2560,NA,"Phalacrocorax penicillatus","Urile penicillatus","Phalacrocorax penicillatus",0,0,0,0,20,0,0,0,0,0,50,0,"Coastal",3,"Fish",2,1.222,0
"SULIFORMES"," Phalacrocoracidae","Urile urile","Red-faced Cormorant","LC","Rare/Accidental",2117.7,"Marine","open",1,"Carnivore","Aquatic predator","Aquatic",1348091.15,13,3,1,84.7,31.3,"platform","cliff","cliff_nest",NA,"platform",0,0,0,0,0,0,0,"water","water",NA,2308,5114,2570,NA,"Phalacrocorax urile","Urile urile; Leucocarbo urile","Phalacrocorax urile",0,0,0,0,50,0,0,0,0,0,0,0,"Sea",3,"Fish",2,1.222,0
"SULIFORMES"," Phalacrocoracidae","Urile pelagicus","Pelagic Cormorant","LC","",1844,"Marine","open",1,"Carnivore","Aquatic predator","Aquatic",1686730.59,17,3,1,87,33.6,"platform","cliff","cliff_nest","ground_nest","platform",0,40,0,0,0,0,0,"water","water",NA,2307,5116,2580,NA,"Phalacrocorax pelagicus","Urile pelagicus","Phalacrocorax pelagicus",0,0,0,0,20,0,0,0,0,0,50,0,"Sea",3,"Fish",2,1.222,0
"SULIFORMES"," Phalacrocoracidae","Nannopterum auritum","Double-crested Cormorant","LC","",1806.5,"Marine","open",2,"Carnivore","Aquatic predator","Aquatic",4311610.21,8,2.7,1,126.8,40.8,"platform",NA,"ground_nest","live_tree_nest","platform",30,30,0,0,30,15,15,"water","water",NA,2303,5090,2610,NA,"Phalacrocorax auritus","Nannopterum auritus","Phalacrocorax auritus",0,0,0,0,0,0,0,0,0,0,2000,0,"Coastal",4,"Fish",1,1.398,0
"PELECANIFORMES"," Threskiornithidae","Plegadis chihi","White-faced Ibis","LC","Rare/Accidental",616.9,"Wetland","open",2,"Carnivore","Aquatic predator","Terrestrial",5296229.51,14,2,1,93.8,38.6,"platform","ground","ground_nest","shrub_nest","platform",20,60,20,0,20,10,10,"water","water","ground",2189,5291,2770,"White-faced Ibis","Plegadis chihi",NA,NA,0,0,0,0,80,0,0,20,0,0,2200,0,"Wetland",3,"Invertebrate",3,1.046,0
"PELECANIFORMES"," Pelecanidae","Pelecanus erythrorhynchos","American White Pelican","LC","",5608.5,"Wetland","open",2,"Carnivore","Aquatic predator","Aquatic",1206894.35,26,3,1,251,44.9,"scrape","ground","ground_nest",NA,"open",0,100,0,0,0,0,0,"water","water",NA,2271,5339,2620,"American White Pelican","Pelecanus erythrorhynchos",NA,NA,0,0,0,0,0,0,0,0,0,0,1300,0,"Wetland",3,"Fish",1,1.523,0
"PELECANIFORMES"," Pelecanidae","Pelecanus occidentalis","Brown Pelican","LC","",3427.8,"Marine","open",1,"Carnivore","Aquatic predator","Aerial",1823742.36,43,4,1,241,48.1,"saucer",NA,"ground_nest","cliff_nest","built.structure",20,50,0,0,20,10,10,"water","water",NA,2269,5340,2630,"Brown Pelican","Pelecanus occidentalis",NA,NA,0,0,0,0,10,0,0,0,0,0,NA,0,"Coastal",1,"Fish",1,2,0
"PELECANIFORMES"," Ardeidae","Botaurus lentiginosus","American Bittern","LC","",706,"Wetland","dense",3,"Carnivore","Aquatic predator","Terrestrial",8778053.14,8,1,1.5,84.7,32,"platform","ground","ground_nest",NA,"platform",0,100,0,0,0,0,0,"water","water","ground",2202,5172,2640,"American Bittern","Botaurus lentiginosus",NA,NA,0,0,0,0,20,0,0,30,0,0,2500,0,"Wetland",2,"Carnivore",3,1.222,0
"PELECANIFORMES"," Ardeidae","Botaurus exilis","Least Bittern","LC","Rare/Accidental",86.3,"Wetland","dense",2,"Carnivore","Aquatic predator","Terrestrial",6223094.32,19,1,2,30.6,29,"platform","ground","ground_nest",NA,"platform",0,100,0,0,0,0,0,NA,"ground","water",2205,5166,2970,NA,"Ixobrychus exilis",NA,"Ixobrychus exilis",0,0,0,0,30,0,0,50,0,0,2500,0,"Wetland",2,"Fish",4,1.097,0
"PELECANIFORMES"," Ardeidae","Nycticorax nycticorax","Black-crowned Night Heron","LC","",810,"Wetland","open",3,"Carnivore","Aquatic predator","Terrestrial",50345275.03,16,2.5,1,92.7,33.1,"platform","tree","live_tree_nest","any_tree_nest","platform",70,0,30,0,70,30,40,NA,"ground","water",2221,5182,2730,"Black-crowned Night-heron","Nycticorax nycticorax",NA,NA,0,0,0,0,30,0,0,50,0,0,4816,0,"Wetland",4,"Carnivore",3,0.921,0
"PELECANIFORMES"," Ardeidae","Egretta caerulea","Little Blue Heron","LC","Rare/Accidental",338.6,"Wetland","open",1,"Carnivore","Aquatic predator","Terrestrial",5634382.17,13,1,1,98.3,38,"platform","tree","any_tree_nest","live_tree_nest","platform",80,0,20,30,50,20,30,"water","water",NA,2256,5196,2680,"Little Blue Heron","Egretta caerulea",NA,NA,0,0,0,0,60,0,0,0,0,0,1700,0,"Wetland",3,"Carnivore",3,1.046,0
"PELECANIFORMES"," Ardeidae","Egretta tricolor","Tricolored Heron","LC","Rare/Accidental",372.3,"Coastal","open",2,"Carnivore","Aquatic predator","Terrestrial",1369046.69,17,2,1,87.4,35.5,"platform","tree","any_tree_nest","live_tree_nest","platform",80,0,20,30,50,20,30,"water","water","ground",2255,5194,2690,"Tricoloured Heron","Egretta tricolor",NA,NA,0,0,0,0,20,0,0,20,0,0,1000,0,"Coastal",3,"Fish",3,1.046,0
"PELECANIFORMES"," Ardeidae","Egretta thula","Snowy Egret","LC","Rare/Accidental",371,"Wetland","open",2,"Carnivore","Aquatic predator","Terrestrial",19270773.23,22,2,1,79.8,31.9,"platform","tree","any_tree_nest","live_tree_nest","platform",80,0,20,30,50,20,30,"water","water","ground",2257,5205,2670,"Snowy Egret","Egretta thula",NA,NA,0,0,0,0,50,0,0,30,0,0,1280,0,"Wetland",4,"Fish",2,1.097,0
"PELECANIFORMES"," Ardeidae","Ardea ibis","Western Cattle-Egret","LC","",366,"Human Modified","open",2,"Carnivore","Omnivore","Terrestrial",62451101.72,23,2,1,73,29.9,"cup","tree","any_tree_nest","live_tree_nest","built.structure",75,0,25,25,50,25,25,"ground","ground","water",2232,5243,2710,"Cattle Egret","Bubulcus ibis",NA,"Bubulcus ibis",0,0,0,0,60,0,0,70,0,0,1500,8,"Grassland",8,"Invertebrate",3,0.62,0
"PELECANIFORMES"," Ardeidae","Ardea alba","Great Egret","LC","",871.3,"Wetland","open",2,"Carnivore","Aquatic predator","Terrestrial",74898555.49,22,3,1,120.7,32.1,"platform","tree","any_tree_nest","live_tree_nest","platform",80,10,10,20,60,30,30,NA,"ground","water",2244,5230,2660,NA,"Casmerodius albus","Ardea alba","Casmerodius albus",0,0,0,0,40,0,0,50,0,0,4000,0,"Wetland",4,"Fish",3,0.921,0
"PELECANIFORMES"," Ardeidae","Ardea herodias","Great Blue Heron","LC","",2523.4,"Wetland","open",2,"Carnivore","Aquatic predator","Terrestrial",12219055.66,23,2,1,169.5,36.6,"platform","tree","any_tree_nest","live_tree_nest","platform",100,0,0,40,60,30,30,"water","water","ground",2234,5213,2650,"Great Blue Heron","Ardea herodias",NA,NA,0,0,0,0,30,0,0,40,0,0,2500,0,"Wetland",3,"Fish",3,1.046,0
"CATHARTIFORMES"," Cathartidae","Gymnogyps californianus","California Condor","CR","Extirpated Critically endangered",8442.7,"Shrubland","open",1,"Scavenger","Scavenger","Terrestrial",101747.84,47,7,0.5,323.5,41.1,"no","cliff","cliff_nest",NA,"open",0,0,0,0,0,0,0,"ground","ground",NA,2958,5352,2790,"California Condor","Gymnogyps californianus",NA,NA,0,0,0,0,0,0,0,100,0,0,2000,2,"Woodland",3,"Scavenger",1,1.523,0
"CATHARTIFORMES"," Cathartidae","Coragyps atratus","Black Vulture","LC","Rare/Accidental",1881.7,"Human Modified","open",2,"Omnivore","Scavenger","Terrestrial",21173636.93,25,4,1,58.4,14.3,"no",NA,"cliff_nest","human.structure_nest","open",0,20,0,0,0,0,0,"ground","ground",NA,2956,5348,2800,"Black Vulture","Coragyps atratus",NA,NA,0,0,0,0,0,0,0,100,0,0,2000,0,"Shrub",5,"Scavenger",1,1.301,0
"CATHARTIFORMES"," Cathartidae","Cathartes aura","Turkey Vulture","LC","",1518.2,"Human Modified","open",2,"Scavenger","Scavenger","Terrestrial",28126442.74,17,3,1,135.6,26.9,"no","cliff","cliff_nest","human.structure_nest","open",10,10,0,10,0,0,0,"ground","ground",NA,2953,5349,2810,"Turkey Vulture","Cathartes aura",NA,NA,0,0,0,0,0,0,0,100,0,0,2500,4,"Savanna",10,"Scavenger",1,1,0
"ACCIPITRIFORMES"," Pandionidae","Pandion haliaetus","Osprey","LC","",1483.2,"Marine","open",3,"Carnivore","Aquatic predator","Aerial",31298390.01,25,3.6,1,204.8,44.9,"platform","tree","any_tree_nest","live_tree_nest","platform",70,0,0,10,60,20,40,"water","water",NA,2961,4562,2820,"Osprey","Pandion haliaetus",NA,NA,0,0,0,0,0,0,0,0,0,0,1000,0,"Coastal",3,"Fish",1,1.523,0
"ACCIPITRIFORMES"," Accipitridae","Elanus leucurus","White-tailed Kite","LC","Rare/Accidental",346,"Human Modified","open",2,"Carnivore","Vertivore","Aerial",12522294.39,NA,NA,NA,120.3,41.5,NA,NA,NA,NA,NA,NA,NA,NA,NA,NA,NA,NA,"ground","ground","aerial",2964,4610,NA,"White-tailed Kite",NA,NA,NA,NA,NA,NA,NA,0,0,0,80,0,0,1500,0,"Grassland",5,"Vertebrate",1,1.301,0
"ACCIPITRIFORMES"," Accipitridae","Aquila chrysaetos","Golden Eagle","LC","",4248,"Grassland","open",2,"Carnivore","Vertivore","Aerial",39450257.98,30,5,0.75,221.2,36.7,"platform","cliff","cliff_nest","live_tree_nest","platform",40,0,0,0,40,20,20,"ground","ground",NA,3050,4864,2860,"Golden Eagle","Aquila chrysaetos",NA,NA,0,0,0,0,0,0,0,100,0,0,3630,0,"Grassland",6,"Vertebrate",2,0.921,0
"ACCIPITRIFORMES"," Accipitridae","Accipiter striatus","Sharp-shinned Hawk","LC","",130.6,"Forest","dense",3,"Carnivore","Vertivore","Aerial",16375303.87,13,1.5,1,56.6,30.7,"platform","tree","live_tree_nest","any_tree_nest","platform",100,0,0,0,100,70,30,NA,"canopy","understory",3122,4755,2900,"Sharp-shinned Hawk","Accipiter striatus",NA,NA,0,0,0,0,0,0,0,0,25,50,3500,1,"Forest",4,"Vertebrate",1,1.398,0
"ACCIPITRIFORMES"," Accipitridae","Astur cooperii","Cooper's Hawk","LC","",429.7,"Woodland","semiopen",3,"Carnivore","Vertivore","Aerial",8393137.06,20,1.75,1,77.8,32.3,"platform","tree","live_tree_nest","any_tree_nest","platform",100,0,0,0,100,30,70,NA,"ground","canopy",3123,4759,2910,NA,"Accipiter cooperii","Astur cooperii","Accipiter cooperii",0,0,0,0,0,0,0,40,20,30,3000,1,"Forest",3,"Vertebrate",1,1.523,0
"ACCIPITRIFORMES"," Accipitridae","Astur atricapillus","American Goshawk","","",866,"Forest","dense",2,"Carnivore","Vertivore","Generalist",31775270.74,19,2,1,122.6,36.3,"platform","tree","live_tree_nest","any_tree_nest","platform",100,0,0,0,100,70,30,"ground","ground",NA,3128,4767,2920,"Northern Goshawk","Accipiter gentilis",NA,"Accipiter gentilis",0,0,0,0,0,0,0,100,0,0,3000,1,"Forest",2,"Vertebrate",3,1.222,1
"ACCIPITRIFORMES"," Accipitridae","Circus hudsonius","Northern Harrier","LC","",393,"Grassland","open",3,"Carnivore","Vertivore","Aerial",12347245.55,16,1.5,1,161.1,44.6,"platform","ground","ground_nest","shrub_nest","platform",0,70,30,0,0,0,0,"ground","ground",NA,3079,4696,2890,NA,"Circus cyaneus","Circus hudsonius","Circus cyaneus",0,0,0,0,10,0,0,100,0,0,2400,0,"Wetland",5,"Vertebrate",2,1,0
"ACCIPITRIFORMES"," Accipitridae","Haliaeetus leucocephalus","Bald Eagle","LC","",4700.6,"Wetland","open",3,"Carnivore","Omnivore","Generalist",9351853.96,28,5,1,248.8,41.4,"platform","tree","any_tree_nest","live_tree_nest","platform",90,0,0,10,80,60,20,NA,"water","ground",3142,4637,2930,"Bald Eagle","Haliaeetus leucocephalus",NA,NA,0,0,0,0,0,0,0,30,0,20,2500,3,"Wetland",5,"Fish",2,1,0
"ACCIPITRIFORMES"," Accipitridae","Ictinia mississippiensis","Mississippi Kite","LC","Rare/Accidental",276,"Woodland","semiopen",3,"Carnivore","Invertivore","Generalist",824795.96,11,1.75,1,156.5,53.6,"saucer","tree","live_tree_nest","any_tree_nest","built.structure",100,0,0,0,100,30,70,"aerial","aerial","canopy",3157,4618,2880,"Mississippi Kite","Ictinia mississippiensis",NA,NA,20,0,0,0,90,0,0,10,10,20,600,0,"Woodland",4,"Invertebrate",2,1.097,0
"ACCIPITRIFORMES"," Accipitridae","Buteo platypterus","Broad-winged Hawk","LC","Rare/Accidental",453.7,"Forest","semiopen",3,"Carnivore","Vertivore","Insessorial",4864047.78,14,1.9,1,103.7,36.9,"platform","tree","live_tree_nest","any_tree_nest","platform",95,0,0,0,95,35,60,"ground","ground",NA,3189,4810,3000,"Broad-winged Hawk","Buteo platypterus",NA,NA,0,0,0,0,10,0,0,100,0,0,1000,1,"Forest",4,"Vertebrate",2,1.097,0
"ACCIPITRIFORMES"," Accipitridae","Buteo lineatus","Red-shouldered Hawk","LC","Rare/Accidental",603.7,"Woodland","dense",3,"Carnivore","Vertivore","Aerial",3542030.5,19,1.7,1,106.9,33.4,"platform","tree","live_tree_nest","any_tree_nest","platform",100,0,0,0,100,20,80,NA,"ground","understory",3188,4808,2990,"Red-shouldered Hawk","Buteo lineatus",NA,NA,0,0,0,0,20,0,0,33,33,33,2500,0,"Woodland",3,"Vertebrate",2,1.222,0
"ACCIPITRIFORMES"," Accipitridae","Buteo swainsoni","Swainson's Hawk","LC","",946.6,"Grassland","open",3,"Carnivore","Vertivore","Insessorial",4303055.16,24,3,1,175.2,46.6,"platform","tree","live_tree_nest","any_tree_nest","platform",70,0,20,0,70,30,40,NA,"canopy","ground",3193,4814,3020,"Swainson's Hawk","Buteo swainsoni",NA,NA,0,0,0,0,30,0,0,20,20,40,2750,2,"Woodland",4,"Vertebrate",2,1.097,0
"ACCIPITRIFORMES"," Accipitridae","Buteo jamaicensis","Red-tailed Hawk","LC","",1101.2,"Woodland","semiopen",3,"Carnivore","Vertivore","Insessorial",15462822.34,25,2,1,139.9,34.1,"platform","tree","live_tree_nest","any_tree_nest","platform",80,0,0,0,80,40,40,"canopy","canopy","aerial",3196,4824,3040,"Red-tailed Hawk","Buteo jamaicensis",NA,NA,0,0,0,0,10,0,0,0,0,66,2700,5,"Woodland",10,"Vertebrate",1,1,0
"ACCIPITRIFORMES"," Accipitridae","Buteo lagopus","Rough-legged Hawk","LC","",949.8,"Grassland","open",3,"Carnivore","Vertivore","Insessorial",9709846.76,18,2,1,180.3,42.1,"platform",NA,"cliff_nest","live_tree_nest","platform",50,0,0,0,50,40,10,"ground","ground",NA,3198,4840,3050,"Rough-legged Hawk","Buteo lagopus",NA,NA,0,0,0,0,10,0,0,100,0,0,1200,0,"Grassland",5,"Vertebrate",1,1.301,0
"ACCIPITRIFORMES"," Accipitridae","Buteo regalis","Ferruginous Hawk","LC","Rare/Accidental",1437.2,"Grassland","open",3,"Carnivore","Vertivore","Generalist",2780053.23,20,2,1,179.2,41.3,"platform","tree","any_tree_nest","snag_nest","platform",80,0,0,40,40,20,20,"ground","ground",NA,3199,4839,3060,"Ferruginous Hawk","Buteo regalis",NA,NA,0,0,0,0,0,0,0,100,0,0,2000,0,"Savanna",4,"Vertebrate",1,1.398,0
"STRIGIFORMES"," Tytonidae","Tyto furcata","American Barn Owl","","",403.3,"Human Modified","open",1,"Carnivore","Vertivore","Insessorial",63140525.19,20,1,1.25,111.5,39.7,"cavity",NA,"snag_nest","any_tree_nest","cavity",40,0,0,40,0,0,0,"ground","ground","understory",2724,2878,3070,"Barn Owl","Tyto alba",NA,"Tyto alba",0,0,0,0,10,0,0,90,10,0,4000,0,"Grassland",10,"Vertebrate",1,1,0
"STRIGIFORMES"," Strigidae","Psiloscops flammeolus","Flammulated Owl","LC","",59.9,"Forest","dense",3,"Carnivore","Invertivore","Insessorial",1041707.57,14,1,1,41,30.8,"cavity","tree","any_tree_nest","live_tree_nest","cavity",100,0,0,30,70,35,35,NA,"ground","canopy",2879,2905,3080,NA,"Otus flammeolus","Psiloscops flammeolus;Megascops flammeolus","Otus flammeolus",70,15,15,0,100,0,0,40,20,40,1500,1,"Forest",2,"Invertebrate",1,1.699,0
"STRIGIFORMES"," Strigidae","Megascops kennicottii","Western Screech-Owl","LC","",141.8,"Forest","semiopen",1,"Carnivore","Invertivore","Insessorial",3582764.44,11,1,1,47.9,27.1,"cavity","tree","any_tree_nest","live_tree_nest","cavity",75,0,0,25,50,25,25,NA,"understory","ground",2880,2932,3100,"Western Screech-owl","Megascops kennicottii",NA,NA,0,0,0,0,50,0,0,40,50,10,265,2,"Woodland",5,"Vertebrate",2,1,0
"STRIGIFORMES"," Strigidae","Bubo scandiacus","Snowy Owl","VU","Vulnerable",2028.8,"Grassland","open",3,"Carnivore","Vertivore","Insessorial",5773405.49,20,3,0.75,172,41.1,"scrape","ground","ground_nest",NA,"open",0,100,0,0,0,0,0,"ground","ground","water",2925,2982,3130,NA,"Bubo scandiaca","Bubo scandiacus","Bubo scandiaca",0,0,0,0,10,0,0,90,0,0,300,0,"Grassland",5,"Vertebrate",1,1.301,0
"STRIGIFORMES"," Strigidae","Bubo virginianus","Great Horned Owl","LC","",1354.5,"Forest","semiopen",1,"Carnivore","Vertivore","Insessorial",24426738.59,28,2.5,1,112.7,30.4,"cavity","tree","any_tree_nest","live_tree_nest","cavity",60,0,0,20,40,10,30,"ground","ground","understory",2926,2961,3120,"Great Horned Owl","Bubo virginianus",NA,NA,0,0,0,0,10,0,0,80,10,0,4500,2,"Woodland",8,"Vertebrate",1,1.097,1
"STRIGIFORMES"," Strigidae","Surnia ulula","Northern Hawk Owl","LC","",319.9,"Grassland","open",2,"Carnivore","Vertivore","Insessorial",21131927.34,10,1,0,89.5,38.6,"platform","tree","any_tree_nest","snag_nest","platform",90,0,0,50,40,20,20,"ground","ground","understory",2768,3015,3140,"Northern Hawk Owl","Surnia ulula",NA,NA,0,0,0,0,0,0,0,80,20,0,2650,0,"Grassland",3,"Vertebrate",1,1.523,0
"STRIGIFORMES"," Strigidae","Glaucidium gnoma","Northern Pygmy-Owl","LC","",61.3,"Forest","semiopen",1,"Carnivore","Invertivore","Insessorial",585868.15,4,1,1,17.4,19.8,"cavity","tree","any_tree_nest","live_tree_nest","cavity",95,0,0,30,65,45,20,"ground","ground","understory",2781,3037,3150,"Northern Pygmy-owl","Glaucidium gnoma",NA,NA,0,0,0,0,60,0,0,90,10,0,1900,1,"Forest",1,"Vertebrate",2,1.699,0
"STRIGIFORMES"," Strigidae","Athene cunicularia","Burrowing Owl","LC","Rare/Accidental",150.6,"Grassland","open",1,"Carnivore","Vertivore","Generalist",14303129.42,8,1,1,51,28.3,"burrow","ground","ground_nest",NA,"burrow",0,100,0,0,0,0,0,"ground","ground","understory",2803,3072,3180,"Burrowing Owl","Athene cunicularia",NA,NA,0,0,0,0,20,0,0,80,10,10,4500,0,"Grassland",4,"Vertebrate",2,1.097,0
"STRIGIFORMES"," Strigidae","Strix occidentalis","Spotted Owl","NT","Rare/Accidental Near-threatened",586.4,"Forest","dense",1,"Carnivore","Vertivore","Insessorial",1207066.6,12,1.5,0.75,105.6,33,"cavity","tree","any_tree_nest","live_tree_nest","cavity",70,0,0,30,40,30,10,"ground","ground","understory",2914,2993,3190,"Spotted Owl","Strix occidentalis",NA,NA,0,0,0,0,10,0,0,70,20,10,2700,1,"Forest",3,"Vertebrate",1,1.523,0
"STRIGIFORMES"," Strigidae","Strix varia","Barred Owl","LC","",711.5,"Forest","semiopen",1,"Carnivore","Vertivore","Insessorial",6628563.52,18,2,0.9,101,29.6,"cavity","snag","any_tree_nest","snag_nest","cavity",100,0,0,60,40,20,20,"ground","ground","understory",2915,2997,3200,"Barred Owl","Strix varia",NA,NA,0,0,0,0,10,0,0,60,20,10,1500,1,"Forest",3,"Vertebrate",2,1.222,0
"STRIGIFORMES"," Strigidae","Strix nebulosa","Great Gray Owl","LC","",1061.9,"Forest","semiopen",1,"Carnivore","Vertivore","Insessorial",19847527.93,18,2.5,1,139,31.9,"cavity","tree","any_tree_nest","live_tree_nest","cavity",100,0,0,20,80,40,40,"ground","ground",NA,2921,3004,3210,"Great Grey Owl","Strix nebulosa",NA,NA,0,0,0,0,10,0,0,100,0,0,3200,1,"Forest",3,"Vertebrate",1,1.523,0
"STRIGIFORMES"," Strigidae","Asio otus","Long-eared Owl","LC","",296.6,"Forest","semiopen",2,"Carnivore","Vertivore","Aerial",27618929.92,12,1,1,115.5,41.2,"cup","tree","live_tree_nest","any_tree_nest","built.structure",60,0,40,0,60,30,30,"ground","ground","understory",2871,3106,3220,"Long-eared Owl","Asio otus",NA,NA,0,0,0,0,0,0,0,80,10,10,2750,3,"Grassland",6,"Vertebrate",1,1.222,0
"STRIGIFORMES"," Strigidae","Asio flammeus","Short-eared Owl","LC","",322.6,"Grassland","open",3,"Carnivore","Vertivore","Aerial",39874062.36,12,1,1.25,141,47.5,"scrape","ground","ground_nest",NA,"open",0,100,0,0,0,0,0,"ground","ground","canopy",2875,3111,3230,"Short-eared Owl","Asio flammeus",NA,NA,0,0,0,0,0,0,0,90,0,10,4000,6,"Grassland",6,"Vertebrate",1,1.222,0
"STRIGIFORMES"," Strigidae","Aegolius funereus","Boreal Owl","LC","",137.2,"Forest","dense",2,"Carnivore","Vertivore","Insessorial",23596074.83,11,1.5,1,53.2,31.5,"cavity","tree","any_tree_nest","snag_nest","cavity",90,0,0,50,40,20,20,"ground","ground","understory",2808,3073,3240,"Boreal Owl","Aegolius funereus",NA,NA,0,0,0,0,30,0,0,90,10,0,1470,1,"Forest",3,"Vertebrate",1,1.523,1
"STRIGIFORMES"," Strigidae","Aegolius acadicus","Northern Saw-whet Owl","LC","",100.7,"Forest","semiopen",3,"Carnivore","Vertivore","Insessorial",5712891.95,10,1,1,40.2,29.8,"cavity","tree","any_tree_nest","snag_nest","cavity",100,0,0,50,50,25,25,"ground","ground","understory",2810,3075,3250,"Northern Saw-whet Owl","Aegolius acadicus",NA,NA,0,0,0,0,20,0,0,90,10,0,3100,2,"Woodland",4,"Vertebrate",2,1.097,0
"CORACIIFORMES"," Alcedinidae","Megaceryle alcyon","Belted Kingfisher","LC","",148,"Riverine","open",2,"Carnivore","Aquatic predator","Insessorial",13996585.38,5,1,1,53.2,33.6,"burrow","bank","bank_nest","snag_nest","burrow",10,0,0,10,0,0,0,"water","water","ground",3446,1641,3270,"Belted Kingfisher","Megaceryle alcyon",NA,NA,0,0,0,0,10,0,0,10,10,0,2750,0,"Riparian",3,"Fish",2,1.222,0
"PICIFORMES"," Picidae","Sphyrapicus thyroideus","Williamson's Sapsucker","LC","",47.6,"Forest","dense",2,"Omnivore","Invertivore","Insessorial",649120.18,6.5,1,1,44.3,32.2,"cavity","tree","live_tree_nest","any_tree_nest","cavity",100,0,0,0,100,50,50,"canopy","canopy","understory",3911,903,3290,"Williamson's Sapsucker","Sphyrapicus thyroideus",NA,NA,20,0,80,40,50,30,0,10,20,70,1700,1,"Forest",2,"Omnivore",3,1.222,0
"PICIFORMES"," Picidae","Sphyrapicus varius","Yellow-bellied Sapsucker","LC","",50.3,"Woodland","dense",3,"Omnivore","Omnivore","Insessorial",4472315.75,6,1,1,42.2,33.9,"cavity","tree","any_tree_nest","live_tree_nest","cavity",100,0,0,40,60,5,55,"canopy","canopy","understory",3912,900,3300,"Yellow-bellied Sapsucker","Sphyrapicus varius",NA,NA,20,0,70,60,50,30,10,0,30,70,3000,2,"Woodland",4,"Omnivore",5,0.699,0
"PICIFORMES"," Picidae","Sphyrapicus nuchalis","Red-naped Sapsucker","LC","",48.5,"Woodland","semiopen",3,"Omnivore","Omnivore","Insessorial",2075623.96,6,1,1,39,31.7,"cavity","tree","any_tree_nest","live_tree_nest","cavity",100,0,0,30,70,30,40,"canopy","canopy","understory",3913,901,3310,"Red-naped Sapsucker","Sphyrapicus nuchalis",NA,NA,10,10,80,30,50,30,10,0,20,80,3000,2,"Woodland",2,"Omnivore",3,1.222,0
"PICIFORMES"," Picidae","Sphyrapicus ruber","Red-breasted Sapsucker","LC","",54.8,"Woodland","semiopen",2,"Carnivore","Invertivore","Insessorial",1000123.48,7,1.5,1,38.4,30.4,"cavity","snag","any_tree_nest","snag_nest","cavity",100,0,0,85,15,10,5,"canopy","canopy",NA,3914,902,3320,"Red-breasted Sapsucker","Sphyrapicus ruber",NA,NA,10,0,90,60,70,0,0,0,0,100,3000,2,"Woodland",2,"Omnivore",4,1.097,1
"PICIFORMES"," Picidae","Melanerpes lewis","Lewis's Woodpecker","LC","",105.8,"Woodland","semiopen",3,"Omnivore","Invertivore","Insessorial",2075995.24,10,1,1,52,31.4,"cavity","tree","any_tree_nest","live_tree_nest","cavity",100,0,0,20,80,0,80,NA,"understory","canopy",3917,878,3330,"Lewis's Woodpecker","Melanerpes lewis",NA,NA,40,0,30,0,60,20,20,0,50,50,2800,4,"Woodland",4,"Omnivore",3,0.921,1
"PICIFORMES"," Picidae","Melanerpes erythrocephalus","Red-headed Woodpecker","LC","Rare/Accidental",71.6,"Forest","dense",1,"Carnivore","Invertivore","Insessorial",5461683.2,9,1,1,40.6,29.1,"cavity","snag","snag_nest","any_tree_nest","cavity",100,0,0,100,0,0,0,"canopy","canopy","ground",3920,881,3340,"Red-headed Woodpecker","Melanerpes erythrocephalus",NA,NA,40,10,30,20,60,0,20,20,20,60,2400,1,"Forest",8,"Omnivore",3,0.62,0
"PICIFORMES"," Picidae","Melanerpes formicivorus","Acorn Woodpecker","LC","Rare/Accidental",79.6,"Woodland","semiopen",1,"Herbivore","Granivore","Insessorial",1502706.45,17.5,2,1.7,40.1,28,"cavity","snag","any_tree_nest","snag_nest","cavity",100,0,0,70,30,0,30,"canopy","canopy",NA,3921,882,3350,"Acorn Woodpecker","Melanerpes formicivorus",NA,NA,40,0,60,30,20,10,60,0,0,100,3300,2,"Woodland",4,"Omnivore",3,0.921,0
"PICIFORMES"," Picidae","Picoides dorsalis","American Three-toed Woodpecker","","",65.5,"Forest","dense",1,"Carnivore","Invertivore","Insessorial",23486930.71,6,1,1,35.9,29.4,"cavity","tree","any_tree_nest","live_tree_nest","cavity",100,0,0,40,60,30,30,"canopy","canopy","understory",3939,969,3390,"American Three-toed Woodpecker","Picoides dorsalis",NA,NA,0,0,100,90,90,10,0,10,20,70,2390,1,"Forest",1,"Invertebrate",2,1.699,1
"PICIFORMES"," Picidae","Picoides arcticus","Black-backed Woodpecker","LC","",69.2,"Forest","dense",1,"Carnivore","Invertivore","Insessorial",6771211.08,7,1,1,32.4,25.2,"cavity","tree","any_tree_nest","live_tree_nest","cavity",100,0,0,40,60,20,40,"understory","understory","canopy",3941,970,3400,"Black-backed Woodpecker","Picoides arcticus",NA,NA,0,0,95,95,70,10,10,0,80,20,3100,1,"Forest",1,"Invertebrate",1,2,0
"PICIFORMES"," Picidae","Dryobates pubescens","Downy Woodpecker","LC","",25.6,"Woodland","semiopen",1,"Carnivore","Invertivore","Insessorial",12800223.82,11,1,1,24.3,27,"cavity","tree","any_tree_nest","live_tree_nest","cavity",90,0,0,30,60,30,30,"canopy","canopy","understory",3972,960,3410,NA,"Picoides pubescens","Dryobates pubescens","Picoides pubescens",5,0,90,60,80,0,10,0,20,80,2750,1,"Forest",4,"Invertebrate",3,0.921,0
"PICIFORMES"," Picidae","Dryobates villosus","Hairy Woodpecker","LC","",62.7,"Forest","dense",1,"Carnivore","Invertivore","Insessorial",13332874.44,15,1,1,32.4,25.3,"cavity","snag","any_tree_nest","snag_nest","cavity",100,0,0,60,40,30,10,NA,"canopy","understory",3975,965,3450,NA,"Picoides villosus","Dryobates villosus","Picoides villosus",10,0,80,60,70,10,10,20,30,50,3500,1,"Forest",4,"Invertebrate",3,0.921,1
"PICIFORMES"," Picidae","Dryobates albolarvatus","White-headed Woodpecker","LC","Rare/Accidental",61.1,"Forest","semiopen",1,"Carnivore","Invertivore","Insessorial",499656.93,9,1.5,1,33.1,25.8,"cavity","tree","any_tree_nest","snag_nest","cavity",90,0,0,50,40,40,0,NA,"canopy","understory",3979,966,3460,NA,"Picoides albolarvatus","Dryobates albolarvatus","Picoides albolarvatus",0,10,60,40,70,10,20,10,40,50,2190,1,"Forest",1,"Invertebrate",2,1.699,0
"PICIFORMES"," Picidae","Dryocopus pileatus","Pileated Woodpecker","LC","",286.6,"Forest","dense",1,"Carnivore","Invertivore","Insessorial",5925872.32,9,1.5,1,56.4,25.3,"cavity","tree","any_tree_nest","live_tree_nest","cavity",100,0,0,40,60,30,30,NA,"canopy","understory",3900,1021,3490,"Pileated Woodpecker","Dryocopus pileatus","Hylatomus pileatus",NA,0,0,80,60,70,0,10,20,30,50,2300,1,"Forest",4,"Invertebrate",3,0.921,1
"PICIFORMES"," Picidae","Colaptes auratus","Northern Flicker","LC","",131.5,"Shrubland","semiopen",2,"Carnivore","Invertivore","Generalist",10804791.76,9,1,1,37.5,24.8,"cavity","snag","any_tree_nest","snag_nest","cavity",95,0,0,90,5,0,5,"ground","ground",NA,3870,1001,3500,"Northern Flicker","Colaptes auratus",NA,NA,0,0,0,0,70,0,10,100,0,0,3300,2,"Woodland",6,"Invertebrate",3,0.745,0
"FALCONIFORMES"," Falconidae","Caracara plancus","Crested Caracara","LC","Rare/Accidental",1078.6,"Shrubland","open",1,"Omnivore","Omnivore","Terrestrial",9019115.11,9,3,1.2,92.3,24.4,"platform",NA,"live_tree_nest","any_tree_nest","platform",50,0,30,0,50,10,40,"ground","ground",NA,4021,4925,3510,"Southern Caracara","Caracara plancus","Caracara cheriway",NA,0,0,0,0,20,0,0,100,0,0,3000,0,"Shrub",4,"Carnivore",5,0.699,0
"FALCONIFORMES"," Falconidae","Falco tinnunculus","Eurasian Kestrel","LC","Rare/Accidental",183.2,"Shrubland","open",3,"Carnivore","Vertivore","Aerial",49037026.09,NA,NA,NA,123.2,51,NA,NA,NA,NA,NA,NA,NA,NA,NA,NA,NA,NA,"ground","ground","understory",4038,4941,NA,"Common Kestrel",NA,NA,NA,NA,NA,NA,NA,10,0,0,80,10,10,5500,0,"Shrub",7,"Vertebrate",2,0.854,0
"FALCONIFORMES"," Falconidae","Falco sparverius","American Kestrel","LC","",114.6,"Grassland","open",3,"Carnivore","Omnivore","Insessorial",26638648.91,14,1.2,1.2,77.9,43.7,"cavity","snag","any_tree_nest","snag_nest","cavity",100,0,0,60,40,30,10,NA,"ground","understory",4045,4950,3520,"American Kestrel","Falco sparverius",NA,NA,20,0,0,0,60,0,0,50,40,10,4000,2,"Woodland",5,"Invertebrate",2,1,0
"FALCONIFORMES"," Falconidae","Falco columbarius","Merlin","LC","",188.5,"Woodland","open",3,"Carnivore","Vertivore","Aerial",26326086.22,9,1.9,1,98.8,48.9,"platform","tree","live_tree_nest","any_tree_nest","platform",70,0,20,0,70,20,50,NA,"understory","canopy",4057,4963,3530,"Merlin","Falco columbarius",NA,NA,40,0,0,0,20,0,0,0,33,33,3000,0,"Woodland",7,"Vertebrate",1,1.155,0
"FALCONIFORMES"," Falconidae","Falco rusticolus","Gyrfalcon","LC","",1431.7,"Grassland","open",3,"Carnivore","Vertivore","Aerial",8809463.94,12,3,1,174.2,47.5,"scrape","cliff","cliff_nest","live_tree_nest","open",20,0,0,0,20,10,10,"ground","ground","understory",4072,4978,3550,"Gyr Falcon","Falco rusticolus",NA,NA,0,0,0,0,0,0,0,70,10,10,1500,0,"Plains",7,"Vertebrate",1,1.155,0
"FALCONIFORMES"," Falconidae","Falco peregrinus","Peregrine Falcon","LC","",760,"Grassland","open",2,"Carnivore","Vertivore","Aerial",38088662.45,19,3,1,165,52.2,"scrape","cliff","cliff_nest","human.structure_nest","open",10,0,0,5,5,5,0,NA,"canopy","ground",4074,4980,3560,"Peregrine Falcon","Falco peregrinus",NA,NA,0,0,0,0,10,0,0,20,20,40,4000,0,"Plains",8,"Vertebrate",1,1.097,0
"FALCONIFORMES"," Falconidae","Falco mexicanus","Prairie Falcon","LC","",713.1,"Grassland","open",3,"Carnivore","Vertivore","Aerial",3975634.14,17,2,1,166,50.5,"scrape","cliff","cliff_nest",NA,"open",0,0,0,0,0,0,0,"ground","ground","understory",4073,4979,3570,"Prairie Falcon","Falco mexicanus",NA,NA,0,0,0,0,0,0,0,70,20,10,3350,0,"Plains",6,"Vertebrate",1,1.222,0
"PASSERIFORMES"," Tyrannidae","Contopus cooperi","Olive-sided Flycatcher","NT","Near-threatened",32.1,"Forest","dense",3,"Carnivore","Invertivore","Insessorial",9652028.65,8,1,1,38.5,37.9,"cup","tree","live_tree_nest","any_tree_nest","built.structure",100,0,0,0,100,10,90,NA,"understory","canopy",5888,6019,3600,"Olive-sided Flycatcher","Contopus cooperi",NA,NA,100,0,0,0,100,0,0,0,50,50,2200,1,"Forest",2,"Invertebrate",1,1.699,0
"PASSERIFORMES"," Tyrannidae","Contopus sordidulus","Western Wood-Pewee","LC","",13.1,"Forest","dense",3,"Carnivore","Invertivore","Insessorial",6939803.44,6,1,1,29,33.5,"cup","tree","live_tree_nest","any_tree_nest","built.structure",100,0,0,0,100,30,70,NA,"ground","understory",5893,6027,3620,"Western Wood-pewee","Contopus sordidulus",NA,NA,70,0,0,0,90,0,0,33,33,33,3000,1,"Forest",3,"Invertebrate",1,1.523,0
"PASSERIFORMES"," Tyrannidae","Contopus virens","Eastern Wood-Pewee","LC","Rare/Accidental",13.9,"Forest","dense",3,"Carnivore","Invertivore","Insessorial",4080253.15,9,1,1,25.6,31,"cup","tree","live_tree_nest","any_tree_nest","built.structure",100,0,0,0,100,60,40,NA,"ground","understory",5894,6028,3630,"Eastern Wood-pewee","Contopus virens",NA,NA,70,0,0,0,90,0,0,33,33,33,1500,1,"Forest",3,"Invertebrate",1,1.523,0
"PASSERIFORMES"," Tyrannidae","Empidonax flaviventris","Yellow-bellied Flycatcher","LC","",11.8,"Forest","dense",3,"Carnivore","Invertivore","Insessorial",5332665.34,4,1,1,15.3,24.1,"cup","ground","ground_nest",NA,"built.structure",0,100,0,0,0,0,0,"understory","understory","ground",5874,6036,3640,"Yellow-bellied Flycatcher","Empidonax flaviventris",NA,NA,70,0,0,0,90,0,0,20,80,0,1800,1,"Forest",5,"Invertebrate",2,1,0
"PASSERIFORMES"," Tyrannidae","Empidonax virescens","Acadian Flycatcher","LC","Rare/Accidental",12.6,"Forest","semiopen",3,"Carnivore","Invertivore","Insessorial",3006134.68,12,1,1.8,19.9,27.5,"cup","tree","live_tree_nest","any_tree_nest","built.structure",80,0,20,0,80,60,20,"canopy","canopy","understory",5873,6037,3650,"Acadian Flycatcher","Empidonax virescens",NA,NA,100,0,0,0,80,0,0,0,33,66,1500,1,"Forest",3,"Invertebrate",2,1.222,0
"PASSERIFORMES"," Tyrannidae","Empidonax alnorum","Alder Flycatcher","LC","",12.7,"Shrubland","dense",3,"Carnivore","Invertivore","Insessorial",7110677.02,3,1,1.5,12.4,19.2,"cup","shrub","shrub_nest",NA,"built.structure",0,0,100,0,0,0,0,"canopy","canopy",NA,5880,6038,3660,"Alder Flycatcher","Empidonax alnorum",NA,NA,100,0,0,0,80,0,0,0,0,100,2500,0,"Shrub",3,"Invertebrate",2,1.222,0
"PASSERIFORMES"," Tyrannidae","Empidonax traillii","Willow Flycatcher","LC","",13.4,"Shrubland","semiopen",3,"Carnivore","Invertivore","Insessorial",7301691.61,11,1,1,16.2,23.5,"cup","shrub","shrub_nest","live_tree_nest","built.structure",40,0,60,0,40,10,30,"understory","understory","canopy",5879,6040,3670,"Willow Flycatcher","Empidonax traillii",NA,NA,80,0,0,0,90,0,0,0,80,20,2500,0,"Shrub",3,"Invertebrate",2,1.222,0
"PASSERIFORMES"," Tyrannidae","Empidonax minimus","Least Flycatcher","LC","",10,"Forest","dense",3,"Carnivore","Invertivore","Insessorial",5753545.24,6,1,1,14.2,22.8,"cup","tree","live_tree_nest","any_tree_nest","built.structure",60,0,40,0,60,0,60,"understory","understory","canopy",5884,6042,3680,"Least Flycatcher","Empidonax minimus",NA,NA,40,0,0,0,90,0,0,0,80,20,1500,3,"Woodland",3,"Invertebrate",2,1.222,0
"PASSERIFORMES"," Tyrannidae","Empidonax hammondii","Hammond's Flycatcher","LC","",10.4,"Forest","dense",3,"Carnivore","Invertivore","Insessorial",2762701.72,8,1,1,15.4,23.1,"cup","tree","live_tree_nest","any_tree_nest","built.structure",100,0,0,0,100,70,30,NA,"ground","understory",5885,6043,3690,"Hammond's Flycatcher","Empidonax hammondii",NA,NA,100,0,0,0,100,0,0,33,33,33,2000,1,"Forest",2,"Invertebrate",1,1.699,1
"PASSERIFORMES"," Tyrannidae","Empidonax wrightii","Gray Flycatcher","LC","Rare/Accidental",12.3,"Shrubland","semiopen",3,"Carnivore","Invertivore","Insessorial",1149378.23,8,1,1,15.3,21.3,"cup","shrub","shrub_nest","live_tree_nest","built.structure",40,0,60,0,40,20,20,NA,"ground","understory",5883,6044,3700,"Grey Flycatcher","Empidonax wrightii",NA,NA,70,0,0,0,90,0,0,50,50,0,2500,0,"Shrub",2,"Invertebrate",1,1.699,0
"PASSERIFORMES"," Tyrannidae","Empidonax oberholseri","Dusky Flycatcher","LC","",10.4,"Forest","semiopen",3,"Carnivore","Invertivore","Insessorial",2680790.46,8,1,1.1,12.5,18.7,"cup","shrub","shrub_nest","live_tree_nest","built.structure",40,0,60,0,40,20,20,"understory","understory","ground",5886,6045,3710,"American Dusky Flycatcher","Empidonax oberholseri",NA,NA,70,0,0,0,100,0,0,20,80,0,1650,1,"Forest",3,"Invertebrate",1,1.523,0
"PASSERIFORMES"," Tyrannidae","Empidonax difficilis","Western Flycatcher","LC","Rare/Accidental",10.7,"Forest","dense",3,"Carnivore","Invertivore","Insessorial",864986.35,6,1,1.25,14.1,21.8,"cavity",NA,"live_tree_nest","any_tree_nest","cavity",50,10,0,0,50,10,40,"canopy","canopy","understory",5876,6047,3720,"Pacific-slope Flycatcher","Empidonax difficilis",NA,NA,60,0,0,0,90,0,0,0,30,70,3500,1,"Forest",3,"Invertebrate",1,1.523,1
"PASSERIFORMES"," Tyrannidae","Sayornis nigricans","Black Phoebe","LC","Rare/Accidental",18.6,"Rock","semiopen",1,"Carnivore","Invertivore","Insessorial",2967593.66,6,1.2,2.1,19.4,22,"cup","human.structure","human.structure_nest","cliff_nest","built.structure",0,0,0,0,0,0,0,"understory","understory","canopy",5870,6054,3750,"Black Phoebe","Sayornis nigricans",NA,NA,70,0,0,0,100,0,0,0,80,20,3000,0,"Riparian",3,"Invertebrate",1,1.523,0
"PASSERIFORMES"," Tyrannidae","Sayornis phoebe","Eastern Phoebe","LC","",19.7,"Forest","semiopen",3,"Carnivore","Invertivore","Insessorial",6246276.45,10,1.7,1.8,17.4,20.6,"cup","human.structure","human.structure_nest","ground_nest","built.structure",0,5,0,0,0,0,0,NA,"understory","canopy",5871,6052,3760,"Eastern Phoebe","Sayornis phoebe",NA,NA,100,0,0,0,90,0,0,0,50,50,2500,0,"Woodland",2,"Invertebrate",1,1.699,0
"PASSERIFORMES"," Tyrannidae","Sayornis saya","Say's Phoebe","LC","",20.9,"Forest","open",3,"Carnivore","Invertivore","Insessorial",7204273.9,5,1.2,2.2,26.8,25.6,"cup","human.structure","human.structure_nest","cliff_nest","built.structure",0,0,0,0,0,0,0,NA,"ground","understory",5872,6053,3770,"Say's Phoebe","Sayornis saya",NA,NA,70,0,0,0,90,0,0,50,50,0,3600,0,"Savanna",3,"Invertebrate",1,1.523,0
"PASSERIFORMES"," Tyrannidae","Pyrocephalus rubinus","Vermilion Flycatcher","LC","Rare/Accidental",14.4,"Woodland","open",3,"Carnivore","Invertivore","Insessorial",8461953.41,6,1,2,16.7,22.4,"cup","tree","live_tree_nest","any_tree_nest","built.structure",90,0,10,0,90,10,80,NA,"understory","canopy",5799,6058,3780,"Vermilion Flycatcher","Pyrocephalus rubinus",NA,NA,70,0,0,0,100,0,0,0,50,50,3000,0,"Shrub",6,"Invertebrate",1,1.222,0
"PASSERIFORMES"," Tyrannidae","Myiarchus cinerascens","Ash-throated Flycatcher","LC","Rare/Accidental",28.2,"Shrubland","semiopen",3,"Carnivore","Invertivore","Insessorial",3499111.39,9,1,1.1,19.8,20.4,"cavity","tree","live_tree_nest","any_tree_nest","cavity",65,0,5,0,65,10,55,"understory","understory","canopy",5768,6166,3800,"Ash-throated Flycatcher","Myiarchus cinerascens",NA,NA,30,0,0,0,70,0,0,0,70,30,2500,4,"Woodland",4,"Invertebrate",2,1.097,0
"PASSERIFORMES"," Tyrannidae","Myiarchus crinitus","Great Crested Flycatcher","LC","Rare/Accidental",32.1,"Woodland","dense",3,"Omnivore","Invertivore","Insessorial",5137539.15,10,1,1,21.6,21.4,"cavity","tree","any_tree_nest","live_tree_nest","cavity",80,0,0,20,60,10,50,"ground","ground",NA,5763,6168,3810,"Great Crested Flycatcher","Myiarchus crinitus",NA,NA,80,0,0,0,60,0,0,100,0,0,1400,6,"Woodland",6,"Invertebrate",2,0.921,0
"PASSERIFORMES"," Tyrannidae","Tyrannus melancholicus","Tropical Kingbird","LC","",37.4,"Human Modified","open",1,"Carnivore","Invertivore","Insessorial",16505803.88,9,1,1,25.5,23.7,"cup","tree","any_tree_nest","snag_nest","built.structure",80,0,20,40,40,20,20,"canopy","canopy",NA,5729,6187,3850,"Tropical Kingbird","Tyrannus melancholicus",NA,NA,80,0,0,0,100,0,0,0,0,100,1800,0,"Shrub",4,"Invertebrate",2,1.097,0
"PASSERIFORMES"," Tyrannidae","Tyrannus crassirostris","Thick-billed Kingbird","LC","Rare/Accidental",55.9,"Forest","semiopen",1,"Carnivore","Invertivore","Insessorial",505171.68,10,1,1.25,36.3,29,"cup","tree","any_tree_nest","live_tree_nest","built.structure",100,0,0,10,90,20,70,"canopy","canopy","aerial",5732,6191,3880,"Thick-billed Kingbird","Tyrannus crassirostris",NA,NA,100,0,0,0,80,0,20,0,0,70,2000,0,"Woodland",4,"Invertebrate",2,1.097,0
"PASSERIFORMES"," Tyrannidae","Tyrannus verticalis","Western Kingbird","LC","",39.6,"Shrubland","open",3,"Carnivore","Invertivore","Insessorial",5067458.79,6,1,1,41.9,33.2,"cup",NA,"any_tree_nest","human.structure_nest","built.structure",40,0,10,10,30,10,20,NA,"canopy","ground",5733,6192,3890,"Western Kingbird","Tyrannus verticalis",NA,NA,70,0,0,0,90,0,0,30,30,40,2120,0,"Shrub",1,"Invertebrate",1,2,0
"PASSERIFORMES"," Tyrannidae","Tyrannus tyrannus","Eastern Kingbird","LC","",39.9,"Woodland","semiopen",3,"Carnivore","Invertivore","Insessorial",9124093.16,10,1.5,1,38.6,33.3,"cup","tree","any_tree_nest","live_tree_nest","built.structure",60,0,30,10,50,10,40,"understory","understory","canopy",5734,6195,3900,"Eastern Kingbird","Tyrannus tyrannus",NA,NA,70,0,0,0,70,0,10,0,80,20,1850,4,"Shrub",5,"Invertebrate",2,1,0
"PASSERIFORMES"," Tyrannidae","Tyrannus dominicensis","Gray Kingbird","LC","Rare/Accidental",46.5,"Forest","open",2,"Carnivore","Omnivore","Insessorial",575526.35,9,1,1,35.2,30.1,"cup","tree","live_tree_nest","any_tree_nest","built.structure",80,0,20,0,80,20,60,NA,"ground","understory",5735,6196,3910,"Grey Kingbird","Tyrannus dominicensis",NA,NA,70,30,0,0,60,0,0,40,30,30,500,4,"Coastal",7,"Invertebrate",3,0.678,0
"PASSERIFORMES"," Tyrannidae","Tyrannus forficatus","Scissor-tailed Flycatcher","LC","Rare/Accidental",39.3,"Human Modified","semiopen",3,"Omnivore","Invertivore","Insessorial",1445850.08,9,1.2,1,45.1,37.5,"cup",NA,"live_tree_nest","any_tree_nest","built.structure",50,0,30,0,50,10,40,"canopy","canopy","ground",5738,6193,3920,"Scissor-tailed Flycatcher","Tyrannus forficatus",NA,NA,50,30,0,0,60,0,20,20,20,60,1500,0,"Savanna",4,"Invertebrate",2,1.097,0
"PASSERIFORMES"," Tyrannidae","Tyrannus savana","Fork-tailed Flycatcher","LC","Rare/Accidental",31.9,"Grassland","open",3,"Carnivore","Invertivore","Insessorial",8167916.45,9,1,1,34.2,32,"cup",NA,"live_tree_nest","any_tree_nest","built.structure",50,0,30,0,50,10,40,NA,"ground","understory",5739,6194,3925,"Fork-tailed Flycatcher","Tyrannus savana",NA,NA,50,30,0,0,70,0,0,50,50,0,1000,0,"Savanna",5,"Invertebrate",2,1,0
"PASSERIFORMES"," Vireonidae","Vireo atricapilla","Black-capped Vireo","NT","Rare/Accidental Near-threatened",9,"Shrubland","semiopen",3,"Carnivore","Invertivore","Insessorial",315128.21,7,1,1.8,8.2,14.9,"cup","tree","live_tree_nest","any_tree_nest","built.structure",80,0,20,0,80,10,70,"understory","understory","canopy",6420,7757,3930,"Black-capped Vireo","Vireo atricapilla",NA,NA,0,100,0,0,90,0,10,0,80,20,2000,0,"Shrub",1,"Invertebrate",2,1.699,0
"PASSERIFORMES"," Vireonidae","Vireo griseus","White-eyed Vireo","LC","Rare/Accidental",11.4,"Shrubland","semiopen",3,"Carnivore","Invertivore","Insessorial",3034548.86,9,1,1.2,11.1,17.9,"cup","shrub","shrub_nest","live_tree_nest","built.structure",20,0,80,0,20,10,10,"canopy","canopy","understory",6425,7763,3940,"White-eyed Vireo","Vireo griseus",NA,NA,0,100,0,0,70,0,0,0,40,60,1000,0,"Shrub",2,"Invertebrate",2,1.398,0
"PASSERIFORMES"," Vireonidae","Vireo bellii","Bell's Vireo","LC","Rare/Accidental",8.5,"Shrubland","semiopen",3,"Carnivore","Invertivore","Insessorial",2636566.53,9,1,2.7,10.8,19.4,"cup","shrub","shrub_nest","live_tree_nest","built.structure",30,0,70,0,30,10,20,NA,"understory","canopy",6417,7756,3950,"Bell's Vireo","Vireo bellii",NA,NA,0,100,0,0,90,0,0,0,50,50,1900,0,"Shrub",2,"Invertebrate",2,1.398,0
"PASSERIFORMES"," Vireonidae","Vireo huttoni","Hutton's Vireo","LC","",11.3,"Forest","dense",1,"Carnivore","Invertivore","Insessorial",1214843.43,14,1,1.5,10.8,17,"cup","tree","live_tree_nest","any_tree_nest","built.structure",100,0,0,0,100,30,70,"canopy","canopy","understory",6407,7759,3970,"Hutton's Vireo","Vireo huttoni",NA,NA,0,100,0,0,70,10,0,0,10,90,3600,2,"Woodland",2,"Invertebrate",3,1.222,0
"PASSERIFORMES"," Vireonidae","Vireo cassinii","Cassin's Vireo","LC","",14.7,"Forest","semiopen",3,"Carnivore","Invertivore","Insessorial",923209.39,9,1,1,20.5,27.9,"cup","tree","live_tree_nest","any_tree_nest","built.structure",90,0,10,0,90,40,50,"canopy","canopy","understory",6411,7785,3990,"Cassin's Vireo","Vireo cassinii","Vireo solitarius",NA,10,80,0,0,70,0,20,0,20,80,3000,1,"Forest",2,"Invertebrate",2,1.398,0
"PASSERIFORMES"," Vireonidae","Vireo solitarius","Blue-headed Vireo","LC","",15.3,"Forest","dense",3,"Carnivore","Invertivore","Insessorial",3329804.9,7,1,1.8,22.1,29.3,"cup",NA,"shrub_nest","live_tree_nest","built.structure",50,0,50,0,50,40,10,"canopy","canopy","understory",6413,7787,4000,"Blue-headed Vireo","Vireo solitarius",NA,NA,20,60,20,0,70,0,0,0,20,80,2400,1,"Forest",1,"Invertebrate",2,1.699,0
"PASSERIFORMES"," Vireonidae","Vireo philadelphicus","Philadelphia Vireo","LC","",11.5,"Woodland","dense",3,"Carnivore","Invertivore","Insessorial",2750346.28,8,1,1,17,25.6,"cup","tree","live_tree_nest","any_tree_nest","built.structure",90,0,10,0,90,0,90,"canopy","canopy",NA,6397,7790,4020,"Philadelphia Vireo","Vireo philadelphicus",NA,NA,20,30,0,0,70,0,10,0,0,100,2130,3,"Woodland",6,"Invertebrate",3,0.745,0
"PASSERIFORMES"," Vireonidae","Vireo gilvus","Warbling Vireo","LC","",12.7,"Forest","dense",3,"Carnivore","Invertivore","Insessorial",9680437.56,13,1,1.7,16.5,23.5,"cup","tree","live_tree_nest","any_tree_nest","built.structure",70,0,30,0,70,0,70,"canopy","canopy","understory",6399,7803,4030,"Warbling Vireo","Vireo gilvus",NA,NA,0,70,0,0,80,0,0,0,20,80,3200,1,"Forest",4,"Invertebrate",4,0.796,0
"PASSERIFORMES"," Vireonidae","Vireo olivaceus","Red-eyed Vireo","LC","",16.1,"Forest","dense",3,"Omnivore","Invertivore","Insessorial",8742854.76,12,1,1.2,23.6,29.8,"cup","shrub","shrub_nest","live_tree_nest","built.structure",40,0,60,0,40,0,40,"canopy","canopy",NA,6402,7791,4040,"Red-eyed Vireo","Vireo olivaceus",NA,NA,0,40,0,0,60,0,20,0,0,100,3000,1,"Forest",4,"Invertebrate",2,1.097,0
"PASSERIFORMES"," Vireonidae","Vireo flavoviridis","Yellow-green Vireo","LC","Rare/Accidental",17.6,"Woodland","semiopen",3,"Omnivore","Invertivore","Insessorial",1006388.21,NA,NA,NA,20.4,25.9,NA,NA,NA,NA,NA,NA,NA,NA,NA,NA,NA,NA,"canopy","canopy",NA,6400,7795,NA,"Yellow-green Vireo",NA,NA,NA,NA,NA,NA,NA,60,0,0,0,0,100,1500,2,"Woodland",3,"Invertebrate",2,1.222,0
"PASSERIFORMES"," Laniidae","Lanius collurio","Red-backed Shrike","LC","Rare/Accidental",28.4,"Woodland","open",3,"Carnivore","Invertivore","Insessorial",10799323.67,NA,NA,NA,29,31,NA,NA,NA,NA,NA,NA,NA,NA,NA,NA,NA,NA,NA,"ground","canopy",6891,7706,NA,"Red-backed Shrike",NA,NA,NA,NA,NA,NA,NA,60,0,0,50,20,30,2000,0,"Shrub",4,"Invertebrate",2,1.097,0
"PASSERIFORMES"," Laniidae","Lanius cristatus","Brown Shrike","LC","Rare/Accidental",32.2,"Shrubland","open",3,"Carnivore","Invertivore","Insessorial",14145065.02,NA,NA,NA,22.5,26.6,NA,NA,NA,NA,NA,NA,NA,NA,NA,NA,NA,NA,"ground","ground","understory",6890,7710,NA,"Brown Shrike",NA,NA,NA,NA,NA,NA,NA,80,0,0,80,10,10,1800,5,"Shrub",5,"Invertebrate",2,1,0
"PASSERIFORMES"," Laniidae","Lanius ludovicianus","Loggerhead Shrike","NT","Rare/Accidental Near-threatened",51.6,"Shrubland","open",3,"Carnivore","Invertivore","Insessorial",8852504.29,8,1,2,21.7,22.6,"cup","tree","live_tree_nest","any_tree_nest","built.structure",80,0,20,0,80,20,60,"ground","ground","understory",6902,7719,4060,"Loggerhead Shrike","Lanius ludovicianus",NA,NA,0,0,0,0,70,0,0,80,10,10,3000,0,"Grassland",5,"Invertebrate",3,0.824,0
"PASSERIFORMES"," Laniidae","Lanius borealis","Northern Shrike","LC","",63.4,"Shrubland","open",3,"Carnivore","Vertivore","Insessorial",11997297.51,8,1,1,28.7,26.3,"cup","tree","live_tree_nest","any_tree_nest","built.structure",70,0,30,0,70,40,30,"ground","ground",NA,6905,7721,4070,"Great Grey Shrike","Lanius excubitor",NA,"Lanius excubitor",0,0,0,0,10,0,0,100,0,0,1250,1,"Forest",3,"Vertebrate",2,1.222,0
"PASSERIFORMES"," Corvidae","Perisoreus canadensis","Canada Jay","LC","",71.6,"Forest","dense",1,"Omnivore","Omnivore","Insessorial",7301159.58,16,1.5,1,27.2,18.1,"cup","tree","live_tree_nest","any_tree_nest","built.structure",100,0,0,0,100,90,10,"ground","ground","understory",6940,8036,4080,"Grey Jay","Perisoreus canadensis",NA,NA,0,40,0,0,40,0,0,60,20,20,3050,1,"Forest",1,"Omnivore",6,1.222,0
"PASSERIFORMES"," Corvidae","Gymnorhinus cyanocephalus","Pinyon Jay","VU","Rare/Accidental Vulnerable",104.8,"Forest","semiopen",2,"Omnivore","Omnivore","Generalist",1284048.89,16,2,1.8,39.2,26.6,"cup","tree","live_tree_nest","any_tree_nest","built.structure",100,0,0,0,100,100,0,"canopy","canopy","ground",7019,7976,4110,"Pinyon Jay","Gymnorhinus cyanocephalus",NA,NA,20,30,0,0,30,0,40,20,20,60,2000,1,"Forest",4,"Omnivore",3,0.921,0
"PASSERIFORMES"," Corvidae","Cyanocitta stelleri","Steller's Jay","LC","",128,"Forest","dense",1,"Omnivore","Omnivore","Insessorial",3560822.24,16,2.5,1,20,13.6,"cup","tree","live_tree_nest","any_tree_nest","built.structure",100,0,0,0,100,70,30,NA,"ground","canopy",7026,7978,4120,"Steller's Jay","Cyanocitta stelleri",NA,NA,0,30,0,0,20,0,20,40,20,40,3500,1,"Forest",3,"Omnivore",4,0.921,0
"PASSERIFORMES"," Corvidae","Cyanocitta cristata","Blue Jay","LC","",88,"Woodland","semiopen",1,"Omnivore","Omnivore","Terrestrial",6665383.16,14,1.5,2,22.9,17.4,"cup","tree","live_tree_nest","any_tree_nest","built.structure",100,0,0,0,100,60,40,NA,"ground","canopy",7025,7977,4130,"Blue Jay","Cyanocitta cristata",NA,NA,30,30,0,0,20,0,40,40,20,40,1000,2,"Woodland",3,"Omnivore",3,1.046,0
"PASSERIFORMES"," Corvidae","Aphelocoma californica","California Scrub-Jay","LC","Rare/Accidental",85.7,"Shrubland","semiopen",1,"Omnivore","Omnivore","Terrestrial",2323260.89,15,2.5,0.9,18,14.1,"cup",NA,"live_tree_nest","any_tree_nest","built.structure",50,0,40,0,50,0,50,"ground","ground","understory",7024,7983,4160,"Western Scrub-jay","Aphelocoma californica",NA,NA,10,25,0,0,20,0,20,80,10,10,2400,3,"Shrub",4,"Omnivore",3,0.921,0
"PASSERIFORMES"," Corvidae","Pica hudsonia","Black-billed Magpie","LC","",177.1,"Grassland","open",1,"Omnivore","Omnivore","Terrestrial",6726173.66,15,1.25,1,49.6,24.6,"sphere",NA,"live_tree_nest","any_tree_nest","built.structure",50,0,40,0,50,25,25,"ground","ground","understory",6959,19563,4190,"Black-billed Magpie","Pica hudsonia","Pica pica",NA,0,10,0,0,30,0,0,70,10,10,NA,5,"Shrub",6,"Carnivore",4,0.62,0
"PASSERIFORMES"," Corvidae","Nucifraga columbiana","Clark's Nutcracker","LC","",129.8,"Forest","dense",2,"Omnivore","Omnivore","Insessorial",2287629.4,17,1,1,61.6,32.2,"cup","tree","live_tree_nest","any_tree_nest","built.structure",100,0,0,0,100,100,0,"ground","ground","canopy",6961,8068,4210,"Clark's Nutcracker","Nucifraga columbiana",NA,NA,20,60,0,0,20,0,50,60,10,30,3600,1,"Forest",3,"Seed",5,0.824,0
"PASSERIFORMES"," Corvidae","Corvus brachyrhynchos","American Crow","LC","",448.8,"Human Modified","semiopen",2,"Omnivore","Omnivore","Terrestrial",11573830.54,14,2,1,109.1,35.3,"cup","tree","live_tree_nest","any_tree_nest","built.structure",70,0,30,0,70,10,60,"ground","ground","understory",6985,8093,4220,"American Crow","Corvus brachyrhynchos",NA,NA,0,0,0,0,20,0,10,80,20,0,1800,6,"Savanna",8,"Omnivore",5,0.398,0
"PASSERIFORMES"," Corvidae","Corvus corax","Common Raven","LC","",928,"Forest","open",2,"Omnivore","Omnivore","Terrestrial",52288449.5,13,2,0.7,167.2,39.8,"cup",NA,"live_tree_nest","any_tree_nest","built.structure",40,0,0,0,40,30,10,"ground","ground","canopy",6979,8124,4260,"Common Raven","Corvus corax",NA,NA,0,0,0,0,10,0,10,80,0,10,6000,1,"Forest",8,"Carnivore",5,0.398,0
"PASSERIFORMES"," Paridae","Poecile atricapillus","Black-capped Chickadee","LC","",10.8,"Forest","dense",1,"Omnivore","Invertivore","Insessorial",9078514.18,12,1,1.1,12,18.6,"cavity","tree","any_tree_nest","snag_nest","cavity",100,0,0,50,50,0,50,"canopy","canopy","understory",7216,9881,4280,NA,"Parus atricapillus","Poecile atricapillus","Parus atricapillus",0,60,40,0,60,0,20,0,20,80,3200,1,"Forest",4,"Invertebrate",3,0.921,1
"PASSERIFORMES"," Paridae","Poecile gambeli","Mountain Chickadee","LC","",11.2,"Forest","dense",1,"Omnivore","Invertivore","Insessorial",2711124.48,10,1,1.2,13.2,19.2,"cavity","tree","any_tree_nest","live_tree_nest","cavity",100,0,0,30,70,60,10,"canopy","canopy","understory",7217,9882,4290,NA,"Parus gambeli","Poecile gambeli","Parus gambeli",0,60,40,0,60,0,20,0,20,80,2645,1,"Forest",5,"Invertebrate",2,1,0
"PASSERIFORMES"," Paridae","Poecile rufescens","Chestnut-backed Chickadee","LC","",9.4,"Forest","dense",1,"Omnivore","Invertivore","Insessorial",958071.95,6,1,1.1,10.9,17.8,"cavity","tree","any_tree_nest","live_tree_nest","cavity",95,0,0,45,50,25,25,"canopy","canopy","understory",7221,9889,4310,NA,"Parus rufescens","Poecile rufescens","Parus rufescens",0,60,40,0,60,0,20,0,30,70,1700,1,"Forest",5,"Invertebrate",4,0.699,1
"PASSERIFORMES"," Paridae","Poecile hudsonicus","Boreal Chickadee","LC","",9.8,"Forest","dense",1,"Omnivore","Invertivore","Insessorial",7102487.58,5,1,1,11.9,18.4,"cavity","tree","any_tree_nest","live_tree_nest","cavity",100,0,0,30,70,60,10,"canopy","canopy",NA,7220,9888,4320,NA,"Parus hudsonicus","Poecile hudsonicus","Parus hudsonicus",0,60,40,0,60,0,20,0,0,100,2070,1,"Forest",2,"Invertebrate",2,1.398,1
"PASSERIFORMES"," Alaudidae","Alauda arvensis","Eurasian Skylark","LC","Introduced species",37.3,"Grassland","open",2,"Omnivore","Omnivore","Terrestrial",26018285.25,10,1,1.2,36,33.6,"saucer","ground","ground_nest",NA,"built.structure",0,100,0,0,0,0,0,"ground","ground",NA,7342,11529,4410,"Eurasian Skylark","Alauda arvensis",NA,NA,0,10,0,0,40,0,40,100,0,0,3500,0,"Plains",5,"Omnivore",3,0.824,0
"PASSERIFORMES"," Alaudidae","Eremophila alpestris","Horned Lark","LC","",33.3,"Grassland","open",3,"Omnivore","Omnivore","Terrestrial",35118904.89,8,1,1.4,41.7,38.6,"saucer","ground","ground_nest",NA,"built.structure",0,100,0,0,0,0,0,"ground","ground",NA,7331,11535,4400,"Horned Lark","Eremophila alpestris",NA,NA,0,0,0,0,50,0,50,100,0,0,5400,0,"Plains",7,"Seed",2,0.854,0
"PASSERIFORMES"," Hirundinidae","Riparia riparia","Bank Swallow","LC","",12.7,"Riverine","open",3,"Carnivore","Invertivore","Aerial",36583654.61,9,1,1,54,53,"burrow","bank","bank_nest",NA,"burrow",0,0,0,0,0,0,0,"canopy","canopy","understory",7733,10052,4460,"Sand Martin","Riparia riparia",NA,NA,0,0,0,0,100,0,0,0,40,60,2100,0,"Riparian",8,"Invertebrate",1,1.097,0
"PASSERIFORMES"," Hirundinidae","Tachycineta bicolor","Tree Swallow","LC","",21.2,"Wetland","open",3,"Carnivore","Invertivore","Aerial",11720977.55,12,1.5,1.1,61.3,53,"cavity","snag","any_tree_nest","snag_nest","cavity",100,0,0,80,20,10,10,NA,"canopy","ground",7735,9992,4440,"Tree Swallow","Tachycineta bicolor",NA,NA,0,20,0,0,90,0,0,20,20,40,2500,0,"Wetland",6,"Invertebrate",1,1.222,0
"PASSERIFORMES"," Hirundinidae","Tachycineta thalassina","Violet-green Swallow","LC","",14.1,"Forest","open",3,"Carnivore","Invertivore","Aerial",6104146.62,10,1,1,63.6,54.5,"cavity","tree","any_tree_nest","snag_nest","cavity",60,0,0,40,20,10,10,NA,"canopy","ground",7736,9999,4450,"Violet-green Swallow","Tachycineta thalassina",NA,NA,0,0,0,0,100,0,0,20,20,40,3500,3,"Woodland",3,"Invertebrate",1,1.523,0
"PASSERIFORMES"," Hirundinidae","Progne subis","Purple Martin","LC","",53.8,"Forest","semiopen",1,"Carnivore","Invertivore","Aerial",5698973.38,13,1.5,1.5,76.6,52,"cavity","tree","any_tree_nest","snag_nest","cavity",60,0,0,40,20,10,10,NA,"canopy","ground",7747,10005,4430,"Purple Martin","Progne subis",NA,NA,0,0,0,0,100,0,0,20,20,40,3200,0,"Wetland",6,"Invertebrate",1,1.222,0
"PASSERIFORMES"," Hirundinidae","Stelgidopteryx serripennis","Northern Rough-winged Swallow","LC","",15.7,"Shrubland","open",3,"Carnivore","Invertivore","Aerial",9837317.43,11,1,1,55.1,50.7,"burrow","bank","bank_nest","cliff_nest","burrow",0,0,0,0,0,0,0,"understory","understory","ground",7753,10039,4420,"Northern Rough-winged Swallow","Stelgidopteryx serripennis",NA,NA,0,0,0,0,100,0,0,30,70,0,3000,0,"Shrub",3,"Invertebrate",1,1.523,0
"PASSERIFORMES"," Hirundinidae","Hirundo rustica","Barn Swallow","LC","",17.9,"Human Modified","open",3,"Carnivore","Invertivore","Aerial",51701054.06,15,1.2,2,62.3,52.6,"cup","human.structure","human.structure_nest","cliff_nest","built.structure",0,0,0,0,0,0,0,NA,"canopy","ground",7714,10074,4470,"Barn Swallow","Hirundo rustica",NA,NA,0,0,0,0,80,0,10,30,30,40,3000,0,"Plains",6,"Invertebrate",1,1.222,0
"PASSERIFORMES"," Hirundinidae","Delichon urbicum","Western House-Martin","LC","Rare/Accidental",14.5,"Human Modified","open",3,"Carnivore","Invertivore","Aerial",16377219.72,NA,NA,NA,58.9,54.3,NA,NA,NA,NA,NA,NA,NA,NA,NA,NA,NA,NA,"canopy","canopy","aerial",7686,10137,NA,"Northern House-martin",NA,NA,NA,NA,NA,NA,NA,100,0,0,0,0,66,4500,0,"Grassland",3,"Invertebrate",1,1.523,0
"PASSERIFORMES"," Hirundinidae","Petrochelidon pyrrhonota","Cliff Swallow","LC","",21.6,"Grassland","open",3,"Carnivore","Invertivore","Aerial",11994340.08,12,1,1.2,54.2,49,"gourd","human.structure","human.structure_nest","cliff_nest","built.structure",0,0,0,0,0,0,0,"aerial","aerial",NA,7697,10121,4480,"Cliff Swallow","Petrochelidon pyrrhonota",NA,NA,0,0,0,0,100,0,0,0,0,0,2770,0,"Rocky",3,"Invertebrate",1,1.523,0
"PASSERIFORMES"," Hirundinidae","Petrochelidon fulva","Cave Swallow","LC","Rare/Accidental",19,"Grassland","open",2,"Carnivore","Invertivore","Aerial",988239.6,9,1,2,54.1,52.6,"cup","cliff","cliff_nest","human.structure_nest","built.structure",0,0,0,0,0,0,0,"aerial","aerial",NA,7698,10124,4490,"Cave Swallow","Petrochelidon fulva",NA,NA,0,0,0,0,100,0,0,0,0,0,2100,0,"Artificial",4,"Invertebrate",1,1.398,0
"PASSERIFORMES"," Phylloscopidae","Phylloscopus inornatus","Yellow-browed Warbler","LC","Rare/Accidental",6.6,"Woodland","dense",3,"Carnivore","Invertivore","Insessorial",10713136.25,NA,NA,NA,11.3,19,NA,NA,NA,NA,NA,NA,NA,NA,NA,NA,NA,NA,"canopy","canopy","understory",7928,10956,NA,"Inornate Warbler",NA,NA,NA,NA,NA,NA,NA,90,0,10,10,30,60,3500,4,"Shrub",6,"Invertebrate",1,1.222,0
"PASSERIFORMES"," Aegithalidae","Psaltriparus minimus","Bushtit","LC","",5.3,"Woodland","semiopen",1,"Carnivore","Invertivore","Insessorial",2692275.52,8,1,2,8.8,19.4,"pend","tree","any_tree_nest","live_tree_nest","built.structure",60,0,40,10,50,20,30,NA,"understory","canopy",8041,9976,4510,"Bushtit","Psaltriparus minimus",NA,NA,0,70,30,0,70,0,10,0,50,50,3505,2,"Woodland",6,"Invertebrate",1,1.222,0
"PASSERIFORMES"," Regulidae","Corthylio calendula","Ruby-crowned Kinglet","LC","",6.2,"Forest","dense",3,"Carnivore","Invertivore","Insessorial",9263294.84,5,1,1,12.6,22,"pend","tree","live_tree_nest","any_tree_nest","built.structure",100,0,0,0,100,100,0,NA,"understory","canopy",9363,10158,4540,NA,"Regulus calendula","Corthylio calendula","Regulus calendula",20,60,0,0,80,0,20,0,50,50,3000,1,"Forest",5,"Invertebrate",3,0.824,1
"PASSERIFORMES"," Regulidae","Regulus satrapa","Golden-crowned Kinglet","LC","",6.2,"Forest","dense",3,"Carnivore","Invertivore","Insessorial",6348089.15,6,1,1.7,13.4,23.6,"pend","tree","live_tree_nest","any_tree_nest","built.structure",100,0,0,0,100,100,0,NA,"understory","canopy",9364,10163,4530,"Golden-crowned Kinglet","Regulus satrapa",NA,NA,20,60,0,0,100,0,0,0,50,50,3500,1,"Forest",1,"Invertebrate",2,1.699,1
"PASSERIFORMES"," Sittidae","Sitta carolinensis","White-breasted Nuthatch","LC","",21,"Forest","dense",1,"Omnivore","Omnivore","Insessorial",8811748.35,9,1,1,27.6,31.2,"cavity","tree","any_tree_nest","live_tree_nest","cavity",100,0,0,20,80,40,40,"canopy","canopy","understory",8556,9636,4560,"White-breasted Nuthatch","Sitta carolinensis",NA,NA,0,0,100,70,50,0,50,0,33,66,3500,1,"Forest",2,"Invertebrate",2,1.398,1
"PASSERIFORMES"," Sittidae","Sitta pygmaea","Pygmy Nuthatch","LC","",10.6,"Forest","dense",1,"Omnivore","Invertivore","Insessorial",1953869.52,8,1,1,11.9,18,"cavity","tree","any_tree_nest","live_tree_nest","cavity",100,0,0,30,70,60,10,"canopy","canopy",NA,8545,9627,4570,"Pygmy Nuthatch","Sitta pygmaea",NA,NA,20,0,60,60,60,0,40,0,0,100,4050,1,"Forest",3,"Invertebrate",2,1.222,0
"PASSERIFORMES"," Sittidae","Sitta canadensis","Red-breasted Nuthatch","LC","",9.8,"Forest","dense",3,"Omnivore","Omnivore","Insessorial",7299100.07,7.5,1,1,17.3,26.2,"cavity","tree","any_tree_nest","live_tree_nest","cavity",100,0,0,40,60,30,30,"canopy","canopy","understory",8552,9634,4550,"Red-breasted Nuthatch","Sitta canadensis",NA,NA,20,0,80,70,50,0,50,0,33,66,3075,1,"Forest",5,"Invertebrate",2,1,1
"PASSERIFORMES"," Certhiidae","Certhia americana","Brown Creeper","LC","",8.1,"Forest","dense",1,"Carnivore","Invertivore","Insessorial",6543644.5,5,1,1,15.3,24.1,"crevice","tree","any_tree_nest","snag_nest","crevice",100,0,0,50,50,30,20,"canopy","canopy","understory",8533,9656,4590,"American Treecreeper","Certhia americana",NA,NA,15,0,80,80,70,0,20,10,30,60,3500,1,"Forest",5,"Invertebrate",1,1.301,1
"PASSERIFORMES"," Polioptilidae","Polioptila caerulea","Blue-gray Gnatcatcher","LC","Rare/Accidental",5.8,"Woodland","semiopen",3,"Carnivore","Invertivore","Insessorial",6582606.18,4,1,1.1,9.6,19.1,"cup","tree","live_tree_nest","any_tree_nest","built.structure",100,0,0,0,100,10,90,NA,"understory","canopy",8571,9801,4600,"Blue-grey Gnatcatcher","Polioptila caerulea",NA,NA,10,80,0,0,100,0,0,0,50,50,2500,3,"Woodland",7,"Invertebrate",1,1.155,0
"PASSERIFORMES"," Troglodytidae","Salpinctes obsoletus","Rock Wren","LC","",16.4,"Rock","open",1,"Carnivore","Invertivore","Terrestrial",5424173.4,6,1,1.5,11.8,17.3,"crevice","ground","ground_nest","cliff_nest","crevice",0,60,0,0,0,0,0,"ground","ground",NA,8583,9687,4630,"Rock Wren","Salpinctes obsoletus",NA,NA,0,40,0,0,80,0,0,100,0,0,2000,0,"Rocky",3,"Invertebrate",1,1.523,0
"PASSERIFORMES"," Troglodytidae","Catherpes mexicanus","Canyon Wren","LC","",12,"Rock","open",1,"Carnivore","Invertivore","Insessorial",4298192.46,6,1,1.5,8.3,13.2,"crevice","cliff","cliff_nest",NA,"crevice",0,0,0,0,0,0,0,"ground","ground",NA,8588,9689,4640,"Canyon Wren","Catherpes mexicanus",NA,NA,0,20,0,0,100,0,0,100,0,0,3000,0,"Rocky",4,"Invertebrate",1,1.398,0
"PASSERIFORMES"," Troglodytidae","Troglodytes aedon","Northern House Wren","LC","",10.9,"Shrubland","open",1,"Carnivore","Invertivore","Insessorial",25653883.47,7,1.2,2,6.7,12.9,"cavity","tree","any_tree_nest","snag_nest","cavity",60,0,0,30,30,10,20,"understory","understory",NA,8598,9753,4650,"House Wren","Troglodytes aedon",NA,NA,0,40,0,10,80,0,0,0,100,0,3000,1,"Forest",7,"Invertebrate",1,1.155,0
"PASSERIFORMES"," Troglodytidae","Troglodytes pacificus","Pacific Wren","LC","",9.4,"Forest","dense",3,"Carnivore","Invertivore","Insessorial",1829701.25,4,1,1,8.4,19,"cavity",NA,"snag","ground","cavity",50,20,0,30,20,10,10,NA,"ground","understory",8594,NA,NA,NA,NA,NA,NA,0,40,0,NA,60,0,10,50,50,0,3718,1,"Forest",4,"Invertebrate",2,1.097,0
"PASSERIFORMES"," Troglodytidae","Troglodytes hiemalis","Winter Wren","LC","",8.9,"Forest","dense",3,"Carnivore","Invertivore","Insessorial",3348061.18,4,1,1,7.7,17,"cavity",NA,"any_tree_nest","snag_nest","cavity",50,20,0,30,20,10,10,NA,"ground","understory",8595,9750,4680,"Winter Wren","Troglodytes hiemalis",NA,NA,0,40,0,10,60,0,10,50,50,0,2000,1,"Forest",2,"Invertebrate",1,1.699,0
"PASSERIFORMES"," Troglodytidae","Cistothorus stellaris","Sedge Wren","LC","Rare/Accidental",9,"Grassland","open",2,"Carnivore","Invertivore","Insessorial",1872123,6,1,1.1,6.1,13.4,"sphere","ground","ground_nest",NA,"built.structure",0,100,0,0,0,0,0,"understory","understory",NA,8608,9703,4690,NA,"Cistothorus platensis",NA,"Cistothorus platensis",10,30,0,0,100,0,0,0,100,0,NA,0,"Grassland",2,"Invertebrate",1,1.699,0
"PASSERIFORMES"," Troglodytidae","Cistothorus palustris","Marsh Wren","LC","",10.8,"Wetland","open",2,"Carnivore","Invertivore","Insessorial",4855077.99,6,1,1.5,9.7,20,"sphere","ground","ground_nest",NA,"built.structure",0,100,0,0,0,0,0,"understory","understory",NA,8612,9708,4700,"Marsh Wren","Cistothorus palustris",NA,NA,20,20,0,0,100,0,0,0,100,0,2500,0,"Wetland",1,"Invertebrate",1,2,0
"PASSERIFORMES"," Troglodytidae","Thryomanes bewickii","Bewick's Wren","LC","",9.9,"Shrubland","semiopen",2,"Carnivore","Invertivore","Generalist",3360146.45,8,1,1.3,7.3,13.8,"cavity",NA,"any_tree_nest","human.structure_nest","cavity",50,10,0,30,20,10,10,NA,"ground","understory",8615,9713,4720,"Bewick's Wren","Thryomanes bewickii",NA,NA,0,40,0,0,80,0,0,50,50,0,3000,0,"Shrub",2,"Invertebrate",1,1.699,0
"PASSERIFORMES"," Cinclidae","Cinclus mexicanus","American Dipper","LC","",56.7,"Riverine","open",1,"Carnivore","Aquatic predator","Generalist",4910744.04,8,1.5,1.8,23.6,26.5,"cup",NA,"ground_nest","cliff_nest","built.structure",0,40,0,0,0,0,0,"water","water","ground",8678,8774,4750,"American Dipper","Cinclus mexicanus",NA,NA,10,0,0,0,80,0,0,20,0,0,2500,0,"Riparian",1,"Invertebrate",1,2,0
"PASSERIFORMES"," Sturnidae","Sturnus vulgaris","European Starling","LC","Introduced species",77.1,"Human Modified","open",2,"Omnivore","Omnivore","Insessorial",17082191.68,16,1.8,1.6,49.2,38.4,"cavity","tree","any_tree_nest","live_tree_nest","cavity",60,0,0,20,40,20,20,"ground","ground","understory",8683,9510,4760,"Common Starling","Sturnus vulgaris",NA,NA,0,40,0,0,20,10,20,80,20,0,2500,0,"Artificial",6,"Omnivore",5,0.523,0
"PASSERIFORMES"," Sturnidae","Spodiopsar cineraceus","White-cheeked Starling","LC","Uncertain origin",83,"Grassland","open",1,"Carnivore","Invertivore","Terrestrial",5348180.01,NA,NA,NA,45.9,36,NA,NA,NA,NA,NA,NA,NA,NA,NA,NA,NA,NA,"ground","ground","understory",8701,9514,NA,NA,NA,NA,"Sturnus cineraceus",NA,NA,NA,NA,60,0,0,80,20,0,1300,6,"Plains",6,"Invertebrate",3,0.745,0
"PASSERIFORMES"," Sturnidae","Acridotheres cristatellus","Crested Myna","LC","Extirpated",116.3,"Grassland","open",2,"Omnivore","Omnivore","Generalist",3073262.93,7,1,1,32.1,24.1,"cavity","tree","live_tree_nest","any_tree_nest","cavity",60,0,0,0,60,10,50,NA,"understory","canopy",8714,9530,4770,"Crested Myna","Acridotheres cristatellus","Acridotheres tristis",NA,0,40,0,0,50,0,0,0,50,50,500,0,"Grassland",2,"Omnivore",4,1.097,0
"PASSERIFORMES"," Mimidae","Dumetella carolinensis","Gray Catbird","LC","",35.3,"Shrubland","dense",3,"Omnivore","Invertivore","Insessorial",6824562.12,16,1,2.3,16.8,18.6,"cup","shrub","shrub_nest","live_tree_nest","built.structure",20,0,70,0,20,10,10,"understory","understory","canopy",8816,9557,4790,"Grey Catbird","Dumetella carolinensis",NA,NA,0,30,0,0,60,0,0,0,80,20,1800,3,"Shrub",4,"Fruit",2,1.097,0
"PASSERIFORMES"," Mimidae","Toxostoma curvirostre","Curve-billed Thrasher","LC","Rare/Accidental",80.5,"Shrubland","open",1,"Omnivore","Invertivore","Terrestrial",2044910.56,10,1,2.5,19.8,17.7,"cup","shrub","shrub_nest","live_tree_nest","built.structure",30,0,70,0,30,10,20,"ground","ground",NA,8837,9588,4800,"Curve-billed Thrasher","Toxostoma curvirostre",NA,NA,0,40,0,0,50,0,20,100,0,0,3000,0,"Desert",4,"Invertebrate",2,1.097,0
"PASSERIFORMES"," Mimidae","Toxostoma rufum","Brown Thrasher","LC","Rare/Accidental",68.8,"Shrubland","dense",2,"Omnivore","Omnivore","Generalist",5678627.88,12,1,2,14,13.9,"cup","shrub","shrub_nest","ground_nest","built.structure",0,10,90,0,0,0,0,"ground","ground","understory",8839,9583,4810,"Brown Thrasher","Toxostoma rufum",NA,NA,0,40,0,0,50,0,20,80,20,0,520,0,"Shrub",2,"Invertebrate",3,1.222,0
"PASSERIFORMES"," Mimidae","Oreoscoptes montanus","Sage Thrasher","LC","",44.2,"Shrubland","open",3,"Carnivore","Invertivore","Terrestrial",1992131.03,10,1,1.2,25.4,26,"cup","shrub","shrub_nest","ground_nest","built.structure",0,20,80,0,0,0,0,"ground","ground",NA,8836,9579,4860,"Sage Thrasher","Oreoscoptes montanus",NA,NA,0,0,0,0,80,0,10,100,0,0,2000,0,"Shrub",2,"Invertebrate",2,1.398,0
"PASSERIFORMES"," Mimidae","Mimus polyglottos","Northern Mockingbird","LC","",48.5,"Shrubland","semiopen",3,"Omnivore","Omnivore","Generalist",10145517.51,14,1,2.25,23.1,20.6,"cup","shrub","shrub_nest","live_tree_nest","built.structure",30,0,70,0,30,10,20,"ground","ground","understory",8828,9564,4880,"Northern Mockingbird","Mimus polyglottos",NA,NA,0,40,0,0,50,0,0,70,30,0,3000,3,"Shrub",4,"Omnivore",2,1.097,0
"PASSERIFORMES"," Turdidae","Sialia sialis","Eastern Bluebird","LC","Rare/Accidental",27.5,"Woodland","semiopen",2,"Carnivore","Invertivore","Insessorial",5460000,6.5,1,2,31.4,32.8,"cavity","tree","any_tree_nest","snag_nest","cavity",100,0,0,50,50,20,30,"ground","ground",NA,8848,8871,4890,"Eastern Bluebird","Sialia sialis",NA,NA,30,40,0,0,70,0,0,100,0,0,2440,0,"Woodland",3,"Invertebrate",2,1.222,0
"PASSERIFORMES"," Turdidae","Sialia mexicana","Western Bluebird","LC","",26.4,"Woodland","open",2,"Omnivore","Omnivore","Insessorial",1779665.7,6,1,1.5,39.2,37.2,"cavity","tree","any_tree_nest","snag_nest","cavity",95,0,0,50,45,0,45,"ground","ground",NA,8847,8872,4900,"Western Bluebird","Sialia mexicana",NA,NA,20,30,0,0,70,0,10,100,0,0,2900,0,"Woodland",3,"Invertebrate",3,1.046,0
"PASSERIFORMES"," Turdidae","Sialia currucoides","Mountain Bluebird","LC","",29.6,"Grassland","open",3,"Omnivore","Invertivore","Insessorial",4376669.8,6,1,1.8,41,36.6,"cavity","tree","any_tree_nest","live_tree_nest","cavity",100,0,0,30,70,0,70,"ground","ground",NA,8849,8873,4910,"Mountain Bluebird","Sialia currucoides",NA,NA,0,0,0,0,60,0,10,100,0,0,3270,0,"Grassland",2,"Invertebrate",2,1.398,0
"PASSERIFORMES"," Turdidae","Myadestes townsendi","Townsend's Solitaire","LC","",33.2,"Forest","semiopen",2,"Omnivore","Omnivore","Insessorial",3710015.72,5,1,1.4,34.3,29.9,"cup","ground","ground_nest","snag_nest","built.structure",30,60,10,30,0,0,0,"canopy","canopy","aerial",8855,8880,4920,"Townsend's Solitaire","Myadestes townsendi",NA,NA,40,30,0,0,50,0,20,0,0,80,3150,1,"Forest",6,"Omnivore",2,0.921,0
"PASSERIFORMES"," Turdidae","Ixoreus naevius","Varied Thrush","LC","",77.5,"Forest","dense",3,"Omnivore","Omnivore","Generalist",3316865.29,5,1,1.9,40.3,33.4,"cup","tree","live_tree_nest","any_tree_nest","built.structure",80,0,5,0,80,45,35,"ground","ground","understory",8888,8836,4930,NA,"Zoothera naevia","Ixoreus naevius","Zoothera naevia",0,40,0,0,30,0,0,80,20,0,2000,1,"Forest",3,"Omnivore",3,1.046,1
"PASSERIFORMES"," Turdidae","Catharus fuscescens","Veery","LC","",31.9,"Forest","dense",3,"Carnivore","Invertivore","Terrestrial",3681872.46,13,1,1,27.7,28.5,"cup","ground","ground_nest","shrub_nest","built.structure",0,60,40,0,0,0,0,"ground","ground",NA,8899,8902,4940,"Veery","Catharus fuscescens",NA,NA,0,20,0,0,50,0,10,100,0,0,2500,1,"Forest",5,"Invertebrate",2,1,0
"PASSERIFORMES"," Turdidae","Catharus minimus","Gray-cheeked Thrush","LC","",31.6,"Forest","semiopen",3,"Carnivore","Invertivore","Terrestrial",5090368.26,7,1,1,30.7,30.8,"cup","shrub","shrub_nest",NA,"built.structure",0,0,100,0,0,0,0,"ground","ground","canopy",8900,8903,4950,"Grey-cheeked Thrush","Catharus minimus",NA,NA,0,0,0,0,80,0,0,80,0,20,2000,1,"Forest",3,"Invertebrate",2,1.222,0
"PASSERIFORMES"," Turdidae","Catharus ustulatus","Swainson's Thrush","LC","",30.3,"Forest","dense",3,"Omnivore","Invertivore","Insessorial",489246.29,10,1,1,29.7,30.6,"cup","shrub","shrub_nest","live_tree_nest","built.structure",30,10,60,0,30,30,0,NA,"ground","understory",8898,8906,4970,"Swainson's Thrush","Catharus ustulatus",NA,NA,20,60,0,0,60,0,0,50,50,0,2000,1,"Forest",3,"Invertebrate",2,1.222,1
"PASSERIFORMES"," Turdidae","Catharus guttatus","Hermit Thrush","LC","",30.1,"Forest","dense",3,"Omnivore","Invertivore","Generalist",8383811.92,11,1,1.3,24,26.9,"cup",NA,"ground_nest","live_tree_nest","built.structure",40,40,20,0,40,30,10,NA,"ground","understory",8902,8909,4980,"Hermit Thrush","Catharus guttatus",NA,NA,0,20,0,0,80,0,0,50,50,0,3500,1,"Forest",6,"Invertebrate",3,0.745,1
"PASSERIFORMES"," Turdidae","Hylocichla mustelina","Wood Thrush","LC","Rare/Accidental",50.1,"Forest","dense",3,"Omnivore","Invertivore","Generalist",3494414.7,8,1,1.9,29,26.9,"cup","tree","live_tree_nest","any_tree_nest","built.structure",100,0,0,0,100,30,70,"ground","ground","understory",8896,8910,4990,"Wood Thrush","Hylocichla mustelina",NA,NA,0,30,0,0,60,0,0,80,20,0,1275,1,"Forest",3,"Invertebrate",4,0.921,0
"PASSERIFORMES"," Turdidae","Turdus iliacus","Redwing","NT","Rare/Accidental Near-threatened",61.2,"Forest","dense",3,"Omnivore","Invertivore","Insessorial",11966382.53,NA,NA,NA,37.7,32.3,NA,NA,NA,NA,NA,NA,NA,NA,NA,NA,NA,NA,NA,"ground","understory",8945,8964,NA,"Redwing",NA,NA,NA,NA,NA,NA,NA,40,0,20,50,50,0,1000,2,"Woodland",6,"Invertebrate",4,0.62,0
"PASSERIFORMES"," Turdidae","Turdus migratorius","American Robin","LC","",78.5,"Forest","open",3,"Omnivore","Invertivore","Generalist",16455945.96,13,1,2.2,36.9,29,"cup","tree","live_tree_nest","any_tree_nest","built.structure",80,5,10,0,80,30,50,NA,"understory","canopy",8976,9007,5000,"American Robin","Turdus migratorius",NA,NA,0,30,0,0,50,0,0,20,40,40,3500,1,"Forest",7,"Omnivore",2,0.854,0
"PASSERIFORMES"," Turdidae","Turdus pilaris","Fieldfare","LC","Rare/Accidental",106,"Forest","dense",3,"Carnivore","Invertivore","Generalist",15234795.02,NA,NA,NA,48,33.3,NA,NA,NA,NA,NA,NA,NA,NA,NA,NA,NA,NA,"ground","ground","understory",9019,8963,NA,"Fieldfare",NA,NA,NA,NA,NA,NA,NA,70,0,0,60,20,20,2310,2,"Woodland",7,"Omnivore",5,0.456,0
"PASSERIFORMES"," Turdidae","Turdus eunomus","Dusky Thrush","LC","Rare/Accidental",73.2,"Forest","semiopen",3,"Omnivore","Invertivore","Generalist",4386800.98,NA,NA,NA,42.1,33.1,NA,NA,NA,NA,NA,NA,NA,NA,NA,NA,NA,NA,"ground","ground",NA,9024,8959,NA,NA,NA,NA,"Turdus naumanni",NA,NA,NA,NA,60,0,0,100,0,0,3000,6,"Grassland",7,"Invertebrate",3,0.678,0
"PASSERIFORMES"," Muscicapidae","Tarsiger cyanurus","Red-flanked Bluetail","LC","Rare/Accidental",13.4,"Forest","dense",3,"Carnivore","Invertivore","Generalist",11663371.34,NA,NA,NA,19.2,24.5,NA,NA,NA,NA,NA,NA,NA,NA,NA,NA,NA,NA,NA,"ground","understory",9226,9223,NA,"Orange-flanked Bush-robin",NA,NA,NA,NA,NA,NA,NA,80,0,10,50,50,0,3000,1,"Forest",3,"Invertebrate",3,1.046,0
"PASSERIFORMES"," Muscicapidae","Monticola solitarius","Blue Rock-Thrush","LC","Rare/Accidental",53.7,"Rock","open",2,"Carnivore","Omnivore","Insessorial",9788977.12,NA,NA,NA,35.8,29.5,NA,NA,NA,NA,NA,NA,NA,NA,NA,NA,NA,NA,"ground","ground","canopy",9305,8807,NA,"Blue Rock-thrush",NA,NA,NA,NA,NA,NA,NA,40,0,10,80,0,20,4200,3,"Rocky",9,"Invertebrate",3,0.569,0
"PASSERIFORMES"," Muscicapidae","Oenanthe oenanthe","Northern Wheatear","LC","",25.4,"Grassland","open",3,"Carnivore","Invertivore","Insessorial",29248291.46,10,1,1.2,30.5,32.1,"crevice","ground","ground_nest",NA,"crevice",0,100,0,0,0,0,0,"ground","ground",NA,9334,9353,5020,"Northern Wheatear","Oenanthe oenanthe",NA,NA,30,0,0,0,70,0,10,100,0,0,3000,0,"Grassland",7,"Invertebrate",3,0.678,0
"PASSERIFORMES"," Bombycillidae","Bombycilla garrulus","Bohemian Waxwing","LC","",54.4,"Forest","dense",3,"Herbivore","Omnivore","Insessorial",12792145,12,2,1,43.9,37.8,"cup","tree","live_tree_nest","any_tree_nest","built.structure",100,0,0,0,100,100,0,NA,"understory","canopy",9373,8766,5030,"Bohemian Waxwing","Bombycilla garrulus",NA,NA,20,80,0,0,30,0,0,0,40,40,3650,1,"Forest",6,"Fruit",3,0.745,0
"PASSERIFORMES"," Bombycillidae","Bombycilla cedrorum","Cedar Waxwing","LC","",31.6,"Woodland","semiopen",3,"Herbivore","Frugivore","Insessorial",7437954.14,7,1,1.8,33.5,35.1,"cup","tree","live_tree_nest","any_tree_nest","built.structure",100,0,0,0,100,40,60,NA,"understory","canopy",9375,8768,5040,"Cedar Waxwing","Bombycilla cedrorum",NA,NA,20,80,0,0,20,0,0,0,40,40,3000,6,"Woodland",6,"Fruit",3,0.745,0
"PASSERIFORMES"," Prunellidae","Prunella montanella","Siberian Accentor","LC","Rare/Accidental",17,"Forest","semiopen",3,"Carnivore","Invertivore","Terrestrial",6373551.3,NA,NA,NA,17.5,24.4,NA,NA,NA,NA,NA,NA,NA,NA,NA,NA,NA,NA,"ground","ground",NA,9617,11904,NA,"Siberian Accentor",NA,NA,NA,NA,NA,NA,NA,70,0,30,100,0,0,1000,1,"Forest",5,"Invertebrate",2,1,0
"PASSERIFORMES"," Passeridae","Passer domesticus","House Sparrow","LC","Introduced species",26.5,"Human Modified","open",1,"Herbivore","Granivore","Terrestrial",34407867.59,13,1,2.5,20.4,27.3,"cavity","human.structure","human.structure_nest",NA,"cavity",0,0,0,0,0,0,0,NA,"ground","understory",9910,11753,5070,"House Sparrow","Passer domesticus",NA,NA,0,30,0,0,10,0,60,50,50,0,4600,2,"Artificial",3,"Seed",1,1.523,0
"PASSERIFORMES"," Motacillidae","Motacilla cinerea","Gray Wagtail","LC","Rare/Accidental",17.2,"Riverine","open",2,"Carnivore","Invertivore","Terrestrial",19613139.17,NA,NA,NA,28.6,34.6,NA,NA,NA,NA,NA,NA,NA,NA,NA,NA,NA,NA,"ground","ground",NA,10010,11828,NA,"Grey Wagtail",NA,NA,NA,NA,NA,NA,NA,100,0,0,100,0,0,4100,4,"Riparian",5,"Invertebrate",1,1.301,0
"PASSERIFORMES"," Motacillidae","Motacilla tschutschensis","Eastern Yellow Wagtail","LC","Rare/Accidental",18.5,"Grassland","open",3,"Carnivore","Invertivore","Terrestrial",9215280.51,8,1,1,26.4,33.5,"cup","ground","ground_nest",NA,"built.structure",0,100,0,0,0,0,0,"ground","ground",NA,10012,11815,5090,"Yellow Wagtail","Motacilla flava",NA,"Motacilla flava",10,0,0,0,70,0,10,100,0,0,1300,3,"Wetland",4,"Invertebrate",2,1.097,0
"PASSERIFORMES"," Motacillidae","Motacilla citreola","Citrine Wagtail","LC","Rare/Accidental",19.1,"Wetland","open",3,"Carnivore","Aquatic predator","Terrestrial",16401945.75,NA,NA,NA,24.2,28.2,NA,NA,NA,NA,NA,NA,NA,NA,NA,NA,NA,NA,"ground","ground",NA,10011,11814,NA,"Citrine Wagtail",NA,NA,NA,NA,NA,NA,NA,100,0,0,100,0,0,4600,0,"Wetland",6,"Invertebrate",1,1.222,0
"PASSERIFORMES"," Motacillidae","Motacilla alba","White Wagtail","LC","Rare/Accidental",23.9,"Human Modified","open",3,"Carnivore","Invertivore","Terrestrial",39488711.64,10,1,1,27.4,31.4,"crevice",NA,"bank_nest","human.structure_nest","crevice",0,0,0,0,0,0,0,"ground","ground",NA,10016,11802,5100,"White Wagtail","Motacilla alba",NA,NA,20,0,0,0,100,0,0,100,0,0,5000,0,"Riparian",4,"Invertebrate",3,0.921,0
"PASSERIFORMES"," Motacillidae","Anthus cervinus","Red-throated Pipit","LC","Rare/Accidental",20.9,"Grassland","open",3,"Carnivore","Invertivore","Terrestrial",3787889.02,4,1,1,22.9,27.5,"cup","ground","ground_nest",NA,"built.structure",0,100,0,0,0,0,0,"ground","ground","understory",9959,11880,5110,"Red-throated Pipit","Anthus cervinus",NA,NA,0,0,0,0,90,0,10,80,20,0,2500,0,"Wetland",5,"Invertebrate",2,1,0
"PASSERIFORMES"," Motacillidae","Anthus japonicus","Siberian Pipit","","Rare/Accidental",20.7,"Grassland","open",3,"Carnivore","Invertivore","Terrestrial",12413847.38,NA,NA,NA,24.1,28.4,NA,NA,NA,NA,NA,NA,NA,NA,NA,NA,NA,NA,NA,NA,NA,9961,NA,NA,NA,NA,NA,NA,NA,NA,NA,NA,NA,NA,NA,NA,NA,NA,2400,0,"Plains",6,"Invertebrate",2,0.921,0
"PASSERIFORMES"," Motacillidae","Anthus spragueii","Sprague's Pipit","VU","Vulnerable",25.5,"Grassland","open",3,"Carnivore","Invertivore","Terrestrial",1036783.61,4,1,1.5,20.8,26.4,"cup","ground","ground_nest",NA,"built.structure",0,100,0,0,0,0,0,"ground","ground","understory",9969,11891,5130,"Sprague's Pipit","Anthus spragueii",NA,NA,0,0,0,0,80,0,20,70,30,0,2500,0,"Grassland",2,"Invertebrate",2,1.398,0
"PASSERIFORMES"," Fringillidae","Fringilla montifringilla","Brambling","LC","Rare/Accidental",23.2,"Forest","dense",3,"Herbivore","Omnivore","Generalist",13666715.85,NA,NA,NA,29,32.5,NA,NA,NA,NA,NA,NA,NA,NA,NA,NA,NA,NA,"ground","ground","understory",10021,12248,NA,"Brambling",NA,NA,NA,NA,NA,NA,NA,20,0,40,60,20,20,3050,2,"Woodland",5,"Herbivore",3,0.824,0
"PASSERIFORMES"," Fringillidae","Pinicola enucleator","Pine Grosbeak","LC","",56.4,"Forest","dense",2,"Herbivore","Omnivore","Insessorial",18396768.3,9,1,1,32.1,29.4,"cup","tree","live_tree_nest","any_tree_nest","built.structure",70,0,30,0,70,70,0,"canopy","canopy",NA,10129,12387,5150,"Pine Grosbeak","Pinicola enucleator",NA,NA,0,60,0,0,20,0,30,0,0,100,3100,1,"Forest",5,"Herbivore",4,0.699,0
"PASSERIFORMES"," Fringillidae","Leucosticte tephrocotis","Gray-crowned Rosy-Finch","LC","",37.8,"Grassland","open",3,"Herbivore","Omnivore","Terrestrial",2279904.65,6,1,2,38.6,36.9,"cup",NA,"ground_nest","cliff_nest","built.structure",0,50,0,0,0,0,0,"ground","ground",NA,10149,12355,5170,"Gray-crowned Rosy-finch","Leucosticte tephrocotis","Leucosticte arctoa",NA,0,0,0,0,20,0,40,100,0,0,3000,0,"Grassland",5,"Seed",3,0.824,0
"PASSERIFORMES"," Fringillidae","Haemorhous mexicanus","House Finch","LC","",21.4,"Shrubland","semiopen",2,"Herbivore","Granivore","Insessorial",10299459.91,12,1,2,21.2,27.5,"cup","tree","any_tree_nest","live_tree_nest","built.structure",60,0,0,20,40,20,20,NA,"ground","understory",10152,12369,5200,NA,"Carpodacus mexicanus","Haemorhous mexicanus","Carpodacus mexicanus",0,40,0,0,10,0,30,33,33,33,3500,0,"Shrub",7,"Seed",2,0.854,0
"PASSERIFORMES"," Fringillidae","Haemorhous purpureus","Purple Finch","LC","",23.3,"Forest","semiopen",2,"Herbivore","Omnivore","Insessorial",4534365.72,14,1,1.6,22.8,28.1,"cup","tree","live_tree_nest","any_tree_nest","built.structure",100,0,0,0,100,80,20,NA,"ground","understory",10154,12367,5210,NA,"Carpodacus purpureus","Haemorhous purpureus","Carpodacus purpureus",0,40,0,0,10,20,20,33,33,33,1000,1,"Forest",6,"Herbivore",4,0.62,0
"PASSERIFORMES"," Fringillidae","Haemorhous cassinii","Cassin's Finch","LC","",26.5,"Forest","semiopen",1,"Herbivore","Granivore","Insessorial",1502229.58,7,1,2,25.6,28.8,"cup","tree","live_tree_nest","any_tree_nest","built.structure",100,0,0,0,100,90,10,"ground","ground","canopy",10153,12368,5220,NA,"Carpodacus cassinii","Haemorhous cassinii","Carpodacus cassinii",0,40,0,0,20,0,40,60,0,40,2000,1,"Forest",3,"Herbivore",4,0.921,0
"PASSERIFORMES"," Fringillidae","Chloris sinica","Oriental Greenfinch","LC","Rare/Accidental",18.6,"Shrubland","semiopen",1,"Herbivore","Granivore","Generalist",6303643.12,NA,NA,NA,25.2,33.5,NA,NA,NA,NA,NA,NA,NA,NA,NA,NA,NA,NA,NA,NA,NA,10160,NA,NA,NA,NA,NA,NA,NA,NA,NA,NA,NA,NA,NA,NA,NA,NA,2400,1,"Forest",6,"Seed",2,0.921,0
"PASSERIFORMES"," Fringillidae","Acanthis flammea","Redpoll","LC","",13,"Forest","dense",2,"Herbivore","Granivore","Generalist",19794267.79,9,1,2,25,33.1,"cup","shrub","shrub_nest","ground_nest","built.structure",0,10,80,0,0,0,0,"ground","ground",NA,10206,12346,5230,"Common Redpoll","Carduelis flammea",NA,"Carduelis flammea",0,60,0,0,30,0,40,100,0,0,2100,4,"Plains",11,"Seed",3,0.481,0
"PASSERIFORMES"," Fringillidae","Loxia curvirostra","Red Crossbill","LC","",38.3,"Forest","dense",2,"Herbivore","Granivore","Insessorial",22671334.66,9,1,2,36,37.6,"cup","tree","live_tree_nest","any_tree_nest","built.structure",100,0,0,0,100,100,0,"canopy","canopy",NA,10209,12392,5250,"Red Crossbill","Loxia curvirostra",NA,NA,0,100,0,0,20,0,30,0,0,100,4500,1,"Forest",2,"Seed",2,1.398,0
"PASSERIFORMES"," Fringillidae","Loxia leucoptera","White-winged Crossbill","LC","",28.7,"Forest","dense",3,"Herbivore","Omnivore","Insessorial",16098090.24,9,1,2.5,31.7,35.7,"cup","tree","live_tree_nest","any_tree_nest","built.structure",100,0,0,0,100,100,0,"canopy","canopy","understory",10210,12397,5260,"White-winged Crossbill","Loxia leucoptera",NA,NA,0,70,0,0,20,0,30,0,40,60,2300,1,"Forest",1,"Seed",2,1.699,0
"PASSERIFORMES"," Fringillidae","Spinus pinus","Pine Siskin","LC","",12.7,"Forest","dense",1,"Herbivore","Granivore","Insessorial",7806130.28,9,1,1.2,25.6,35.2,"saucer","tree","live_tree_nest","any_tree_nest","built.structure",100,0,0,0,100,80,20,NA,"ground","canopy",10228,12318,5270,NA,"Carduelis pinus","Spinus pinus","Carduelis pinus",0,70,0,0,10,0,70,50,0,50,4000,1,"Forest",4,"Seed",3,0.921,0
"PASSERIFORMES"," Fringillidae","Spinus psaltria","Lesser Goldfinch","LC","Rare/Accidental",8.8,"Shrubland","semiopen",1,"Herbivore","Granivore","Insessorial",3951950.33,6,1,1.2,16.2,26,"cup","tree","live_tree_nest","any_tree_nest","built.structure",60,20,20,0,60,10,50,NA,"understory","canopy",10230,12333,5280,NA,"Carduelis psaltria","Spinus psaltria","Carduelis psaltria",0,100,0,0,10,0,30,20,40,40,3100,2,"Woodland",3,"Seed",3,1.046,0
"PASSERIFORMES"," Fringillidae","Spinus tristis","American Goldfinch","LC","",12.8,"Forest","dense",1,"Herbivore","Granivore","Insessorial",7802444.22,11,1,1.7,19.1,27.6,"cup","shrub","shrub_nest","live_tree_nest","built.structure",40,0,60,0,40,20,20,NA,"ground","understory",10229,12332,5300,NA,"Carduelis tristis","Spinus tristis","Carduelis tristis",0,70,0,0,10,10,60,33,33,33,1000,3,"Shrub",4,"Seed",1,1.398,0
"PASSERIFORMES"," Calcariidae","Calcarius lapponicus","Lapland Longspur","LC","",27.8,"Grassland","open",3,"Herbivore","Granivore","Terrestrial",8536158.76,6,1,1,29,30.7,"cup","ground","ground_nest",NA,"built.structure",0,100,0,0,0,0,0,"ground","ground","canopy",10246,12505,5340,"Lapland Longspur","Calcarius lapponicus",NA,NA,0,0,0,0,50,0,50,70,10,20,1500,0,"Grassland",3,"Seed",2,1.222,0
"PASSERIFORMES"," Calcariidae","Calcarius ornatus","Chestnut-collared Longspur","VU","Rare/Accidental Vulnerable",20.3,"Grassland","open",3,"Omnivore","Granivore","Terrestrial",799140.65,5,1,2,21,26.7,"cup","ground","ground_nest",NA,"built.structure",0,100,0,0,0,0,0,"ground","ground","understory",10247,12507,5310,"Chestnut-collared Longspur","Calcarius ornatus",NA,NA,0,0,0,0,40,0,60,90,10,0,1500,0,"Grassland",1,"Seed",2,1.699,0
"PASSERIFORMES"," Calcariidae","Calcarius pictus","Smith's Longspur","LC","",26.7,"Grassland","open",3,"Herbivore","Granivore","Terrestrial",711278.18,5,1,1,25.6,28.1,"cup","ground","ground_nest",NA,"built.structure",0,100,0,0,0,0,0,"ground","ground","understory",10248,12506,5320,"Smith's Longspur","Calcarius pictus",NA,NA,0,0,0,0,50,0,50,80,20,0,1700,0,"Grassland",3,"Seed",2,1.222,0
"PASSERIFORMES"," Calcariidae","Rhynchophanes mccownii","Thick-billed Longspur","LC","Rare/Accidental",25.7,"Grassland","open",3,"Herbivore","Granivore","Terrestrial",686197.76,7,1,1.8,20.4,22.8,"cup","ground","ground_nest",NA,"built.structure",0,100,0,0,0,0,0,"ground","ground","understory",10249,12504,5330,"McCown's Longspur","Calcarius mccownii",NA,"Calcarius mccownii",0,0,0,0,20,0,80,80,20,0,1500,0,"Grassland",2,"Seed",2,1.398,0
"PASSERIFORMES"," Calcariidae","Plectrophenax nivalis","Snow Bunting","LC","",42.2,"Grassland","open",3,"Herbivore","Granivore","Terrestrial",6819849.23,4,1,1.3,41.5,38.6,"crevice","ground","ground_nest","cliff_nest","crevice",0,60,0,0,0,0,0,"ground","ground","understory",10250,12508,5350,"Snow Bunting","Plectrophenax nivalis",NA,NA,0,0,0,0,30,0,0,90,10,0,2300,0,"Rocky",4,"Seed",2,1.097,0
"PASSERIFORMES"," Calcariidae","Plectrophenax hyperboreus","McKay's Bunting","LC","Rare/Accidental",54.5,"Grassland","open",3,"Omnivore","Granivore","Terrestrial",5375.35,4,1,2,40.4,36.6,"crevice","ground","ground_nest","cliff_nest","crevice",0,60,0,0,0,0,0,"ground","ground","understory",10251,12509,5360,"McKay's Bunting","Plectrophenax hyperboreus",NA,NA,0,0,0,0,30,0,0,90,10,0,400,0,"Grassland",2,"Seed",2,1.398,0
"PASSERIFORMES"," Emberizidae","Emberiza leucocephalos","Pine Bunting","LC","Rare/Accidental",28.5,"Forest","semiopen",3,"Omnivore","Omnivore","Terrestrial",9867084.71,NA,NA,NA,24.4,26.7,NA,NA,NA,NA,NA,NA,NA,NA,NA,NA,NA,NA,"ground","ground",NA,10271,12465,NA,"Pine Bunting",NA,NA,NA,NA,NA,NA,NA,30,0,50,100,0,0,2000,1,"Forest",4,"Omnivore",2,1.097,0
"PASSERIFORMES"," Emberizidae","Emberiza pallasi","Pallas's Bunting","LC","Rare/Accidental",14,"Shrubland","open",3,"Omnivore","Omnivore","Terrestrial",6843352.03,NA,NA,NA,15.8,22.3,NA,NA,NA,NA,NA,NA,NA,NA,NA,NA,NA,NA,"ground","ground","understory",10286,12499,NA,"Pallas's Bunting",NA,NA,NA,NA,NA,NA,NA,30,0,50,70,20,10,2000,0,"Grassland",5,"Omnivore",3,0.824,0
"PASSERIFORMES"," Emberizidae","Emberiza pusilla","Little Bunting","LC","Rare/Accidental",14.6,"Forest","semiopen",3,"Herbivore","Granivore","Generalist",10268381.21,NA,NA,NA,17.1,24.5,NA,NA,NA,NA,NA,NA,NA,NA,NA,NA,NA,NA,"canopy","canopy","understory",10289,12484,NA,"Little Bunting",NA,NA,NA,NA,NA,NA,NA,30,0,70,0,20,80,1000,1,"Forest",5,"Seed",2,1,0
"PASSERIFORMES"," Emberizidae","Emberiza rustica","Rustic Bunting","VU","Rare/Accidental Vulnerable",20.5,"Forest","semiopen",3,"Herbivore","Granivore","Generalist",11090010.05,NA,NA,NA,19.8,25.2,NA,NA,NA,NA,NA,NA,NA,NA,NA,NA,NA,NA,"canopy","canopy","understory",10288,12486,NA,"Rustic Bunting",NA,NA,NA,NA,NA,NA,NA,30,0,70,0,20,80,1000,1,"Forest",6,"Seed",2,0.921,0
"PASSERIFORMES"," Passerellidae","Ammodramus savannarum","Grasshopper Sparrow","LC","",17.6,"Grassland","open",2,"Omnivore","Invertivore","Generalist",5240933.14,7,1,2.5,12.3,21.1,"cup","ground","ground_nest",NA,"built.structure",0,100,0,0,0,0,0,"ground","ground","understory",10321,12554,5410,"Grasshopper Sparrow","Ammodramus savannarum",NA,NA,0,0,0,0,60,0,40,80,20,0,1550,0,"Grassland",3,"Invertebrate",2,1.222,0
"PASSERIFORMES"," Passerellidae","Spizella passerina","Chipping Sparrow","LC","",12.2,"Forest","semiopen",3,"Omnivore","Omnivore","Generalist",13081064.54,9,1,1.25,16.3,24.2,"cup",NA,"live_tree_nest","any_tree_nest","built.structure",50,10,40,0,50,40,10,"ground","ground","understory",10297,12560,5430,"Chipping Sparrow","Spizella passerina",NA,NA,20,30,0,0,40,0,60,80,10,10,3800,2,"Woodland",5,"Seed",2,1,0
"PASSERIFORMES"," Passerellidae","Spizella pallida","Clay-colored Sparrow","LC","",11.2,"Shrubland","semiopen",3,"Omnivore","Granivore","Generalist",3219955.48,6,1,1.1,11.2,18.6,"cup",NA,"ground_nest","shrub_nest","built.structure",0,50,50,0,0,0,0,"ground","ground","understory",10298,12562,5440,"Clay-coloured Sparrow","Spizella pallida",NA,NA,0,0,0,0,20,0,60,80,10,10,2000,6,"Shrub",6,"Seed",2,0.921,0
"PASSERIFORMES"," Passerellidae","Spizella pusilla","Field Sparrow","LC","Rare/Accidental",12.5,"Grassland","semiopen",2,"Omnivore","Granivore","Generalist",3997616.97,8,1,2,10.8,16.7,"cup",NA,"ground_nest","shrub_nest","built.structure",0,50,50,0,0,0,0,"ground","ground",NA,10300,12565,5460,"Field Sparrow","Spizella pusilla",NA,NA,0,40,0,0,40,0,60,100,0,0,1000,0,"Grassland",4,"Seed",2,1.097,0
"PASSERIFORMES"," Passerellidae","Spizella breweri","Brewer's Sparrow","LC","",10.9,"Shrubland","semiopen",3,"Omnivore","Omnivore","Generalist",3238311.53,7,1,1.5,12.9,20.5,"cup","shrub","shrub_nest","any_tree_nest","built.structure",20,10,70,10,10,0,10,"ground","ground",NA,10301,12564,5470,"Brewer's Sparrow","Spizella breweri",NA,NA,0,0,0,0,50,0,50,100,0,0,2000,0,"Shrub",2,"Invertebrate",2,1.398,0
"PASSERIFORMES"," Passerellidae","Amphispiza bilineata","Black-throated Sparrow","LC","Rare/Accidental",13.5,"Shrubland","semiopen",2,"Omnivore","Omnivore","Generalist",2450691.64,6,1,2,11.3,17.7,"cup","shrub","shrub_nest","cactus_nest","built.structure",0,10,60,0,0,0,0,"ground","ground",NA,10303,12570,5480,"Black-throated Sparrow","Amphispiza bilineata",NA,NA,20,20,0,0,50,0,50,100,0,0,2134,0,"Plains",3,"Omnivore",2,1.222,0
"PASSERIFORMES"," Passerellidae","Chondestes grammacus","Lark Sparrow","LC","",29,"Shrubland","open",2,"Herbivore","Granivore","Generalist",5604939.24,7,1,1.2,24.7,28.8,"cup","ground","ground_nest","shrub_nest","built.structure",0,60,40,0,0,0,0,"ground","ground","understory",10305,12569,5500,"Lark Sparrow","Chondestes grammacus",NA,NA,0,0,0,0,30,0,70,80,10,10,2400,5,"Grassland",6,"Seed",2,0.921,0
"PASSERIFORMES"," Passerellidae","Calamospiza melanocorys","Lark Bunting","LC","Rare/Accidental",37.6,"Grassland","open",3,"Omnivore","Omnivore","Generalist",1660961.79,4,1,1,20.9,24.3,"cup","ground","ground_nest",NA,"built.structure",0,100,0,0,0,0,0,NA,"ground","canopy",10306,12510,5510,"Lark Bunting","Calamospiza melanocorys",NA,NA,20,0,0,0,30,0,60,50,10,30,2200,0,"Grassland",3,"Omnivore",4,0.921,0
"PASSERIFORMES"," Passerellidae","Passerella iliaca","Fox Sparrow","LC","",33.3,"Forest","dense",3,"Omnivore","Omnivore","Generalist",5235159.1,9,1,1,21.9,26.1,"cup",NA,"live_tree_nest","any_tree_nest","built.structure",40,30,30,0,40,0,40,"ground","ground","understory",10421,12511,5530,"Fox Sparrow","Passerella iliaca",NA,NA,0,0,0,0,40,0,20,90,10,0,1000,4,"Shrub",4,"Omnivore",4,0.796,0
"PASSERIFORMES"," Passerellidae","Junco hyemalis","Dark-eyed Junco","LC","",19.5,"Forest","semiopen",3,"Herbivore","Granivore","Generalist",10167654.77,11,1,2,16.4,21.9,"cavity","ground","ground_nest","bank_nest","cavity",0,60,0,0,0,0,0,"ground","ground","canopy",10412,12529,5540,"Dark-eyed Junco","Junco hyemalis",NA,NA,40,0,0,0,30,0,70,60,10,30,4000,0,"Woodland",4,"Seed",3,0.921,0
"PASSERIFORMES"," Passerellidae","Zonotrichia leucophrys","White-crowned Sparrow","LC","",28,"Shrubland","semiopen",3,"Omnivore","Omnivore","Generalist",7364178.61,13,1.25,2.5,18.5,23.4,"cup","shrub","shrub_nest","ground_nest","built.structure",0,40,60,0,0,0,0,"ground","ground","understory",10419,12526,5560,"White-crowned Sparrow","Zonotrichia leucophrys",NA,NA,10,30,0,0,10,0,70,80,10,10,2600,5,"Shrub",7,"Seed",3,0.678,0
"PASSERIFORMES"," Passerellidae","Zonotrichia atricapilla","Golden-crowned Sparrow","LC","",32,"Shrubland","semiopen",3,"Herbivore","Omnivore","Generalist",1675616.7,10,1,1.2,18.1,22.9,"cup","shrub","shrub_nest","ground_nest","built.structure",10,30,60,0,10,5,5,"ground","ground","understory",10420,12527,5570,"Golden-crowned Sparrow","Zonotrichia atricapilla",NA,NA,0,0,0,0,10,0,60,90,10,0,2000,2,"Shrub",7,"Seed",4,0.553,0
"PASSERIFORMES"," Passerellidae","Zonotrichia querula","Harris's Sparrow","NT","Near-threatened",35.5,"Shrubland","semiopen",3,"Herbivore","Omnivore","Terrestrial",1699160.3,11,1,1,20.5,23.7,"cup",NA,"ground_nest","shrub_nest","built.structure",0,50,50,0,0,0,0,"ground","ground","understory",10417,12523,5580,"Harris's Sparrow","Zonotrichia querula",NA,NA,0,30,0,0,10,0,90,90,10,0,1000,2,"Shrub",7,"Herbivore",4,0.553,0
"PASSERIFORMES"," Passerellidae","Zonotrichia albicollis","White-throated Sparrow","LC","",24.4,"Woodland","semiopen",3,"Herbivore","Omnivore","Terrestrial",5662700.85,9,1,1.2,14.3,19.7,"cup","ground","ground_nest",NA,"built.structure",0,100,0,0,0,0,0,"ground","ground","understory",10418,12524,5590,"White-throated Sparrow","Zonotrichia albicollis",NA,NA,10,30,0,0,20,0,50,90,10,0,1000,0,"Woodland",3,"Herbivore",4,0.921,0
"PASSERIFORMES"," Passerellidae","Artemisiospiza nevadensis","Sagebrush Sparrow","LC","Rare/Accidental",18.5,"Shrubland","semiopen",3,"Herbivore","Granivore","Terrestrial",917710.58,NA,NA,NA,14.2,19,NA,NA,NA,NA,NA,NA,NA,NA,NA,NA,NA,NA,NA,NA,NA,10430,NA,NA,NA,NA,NA,NA,NA,NA,NA,NA,NA,NA,NA,NA,NA,NA,1700,0,"Shrub",3,"Seed",4,0.921,0
"PASSERIFORMES"," Passerellidae","Artemisiospiza belli","Bell's Sparrow","LC","Rare/Accidental",17,"Shrubland","semiopen",3,"Herbivore","Granivore","Terrestrial",171955.76,7,1,1,10.9,16.8,"cup","shrub","shrub_nest","ground_nest","built.structure",0,30,70,0,0,0,0,NA,NA,NA,10431,12571,5610,NA,"Amphispiza belli","Artemisiospiza belli","Amphispiza belli",0,40,0,0,NA,NA,NA,NA,NA,NA,2500,0,"Shrub",3,"Seed",2,1.222,0
"PASSERIFORMES"," Passerellidae","Pooecetes gramineus","Vesper Sparrow","LC","",25.7,"Grassland","open",3,"Omnivore","Omnivore","Generalist",6371227.47,7,1,1.9,18.8,23.9,"cup","ground","ground_nest",NA,"built.structure",0,100,0,0,0,0,0,"ground","ground","understory",10432,12568,5620,"Vesper Sparrow","Pooecetes gramineus",NA,NA,0,0,0,0,50,0,50,80,10,10,3000,5,"Grassland",5,"Seed",2,1,0
"PASSERIFORMES"," Passerellidae","Ammospiza leconteii","LeConte's Sparrow","LC","",13,"Grassland","open",3,"Omnivore","Granivore","Generalist",2867567.84,4,1,1,10,18.8,"cup","ground","ground_nest",NA,"built.structure",0,100,0,0,0,0,0,"ground","ground","understory",10426,12551,5630,"Le Conte's Sparrow","Ammodramus leconteii",NA,"Ammodramus leconteii",0,0,0,0,20,0,80,80,20,0,1000,0,"Grassland",3,"Seed",2,1.222,0
"PASSERIFORMES"," Passerellidae","Ammospiza nelsoni","Nelson's Sparrow","LC","",15.1,"Wetland","open",3,"Omnivore","Invertivore","Generalist",2592907.6,10,1,1.5,12.4,21.9,"cup","ground","ground_nest",NA,"built.structure",0,100,0,0,0,0,0,"ground","ground","understory",10428,12544,5650,NA,"Ammodramus nelsoni","Ammospiza nelsoni","Ammodramus nelsoni",0,0,0,0,50,0,50,90,10,0,1000,0,"Coastal",3,"Invertebrate",3,1.046,0
"PASSERIFORMES"," Passerellidae","Passerculus sandwichensis","Savannah Sparrow","LC","",20,"Grassland","open",3,"Omnivore","Omnivore","Generalist",13598359.75,8,1,1.5,17.6,24.1,"cup","ground","ground_nest",NA,"built.structure",0,100,0,0,0,0,0,"ground","ground","understory",10434,12534,5670,"Savannah Sparrow","Passerculus sandwichensis",NA,NA,0,0,0,0,40,0,30,80,10,10,3000,0,"Grassland",5,"Omnivore",3,0.824,0
"PASSERIFORMES"," Passerellidae","Melospiza melodia","Song Sparrow","LC","",21.9,"Shrubland","semiopen",2,"Omnivore","Omnivore","Generalist",10313728.38,9,1,2.5,13.2,20.1,"cup",NA,"ground_nest","shrub_nest","built.structure",10,45,45,0,10,5,5,"ground","ground","understory",10441,12517,5690,"Song Sparrow","Melospiza melodia",NA,NA,0,40,0,0,40,0,30,70,30,0,2500,0,"Shrub",4,"Omnivore",3,0.921,0
"PASSERIFORMES"," Passerellidae","Melospiza lincolnii","Lincoln's Sparrow","LC","",16.6,"Wetland","semiopen",3,"Omnivore","Omnivore","Generalist",7567216.93,7,1,1,14.3,22.3,"cup","ground","ground_nest",NA,"built.structure",0,100,0,0,0,0,0,"ground","ground",NA,10442,12519,5700,"Lincoln's Sparrow","Melospiza lincolnii",NA,NA,0,0,0,0,50,0,50,100,0,0,2500,0,"Wetland",5,"Seed",2,1,0
"PASSERIFORMES"," Passerellidae","Melospiza georgiana","Swamp Sparrow","LC","",16.1,"Wetland","semiopen",3,"Omnivore","Omnivore","Generalist",6032762.64,7,1,1.7,11.9,19.1,"cup","shrub","shrub_nest","ground_nest","built.structure",0,40,60,0,0,0,0,"ground","ground",NA,10443,12521,5710,"Swamp Sparrow","Melospiza georgiana",NA,NA,0,0,0,0,40,0,30,100,0,0,1000,0,"Wetland",6,"Omnivore",3,0.745,0
"PASSERIFORMES"," Passerellidae","Pipilo chlorurus","Green-tailed Towhee","LC","Rare/Accidental",29.4,"Shrubland","semiopen",3,"Omnivore","Omnivore","Generalist",1737517.52,7,1,1.1,13.1,16.8,"cup","shrub","shrub_nest","ground_nest","built.structure",10,30,60,0,10,0,10,"ground","ground","understory",10357,12596,5750,"Green-tailed Towhee","Pipilo chlorurus",NA,NA,0,0,0,0,40,0,40,70,30,0,3700,0,"Shrub",2,"Seed",3,1.222,0
"PASSERIFORMES"," Passerellidae","Pipilo maculatus","Spotted Towhee","LC","",39.3,"Forest","semiopen",2,"Omnivore","Omnivore","Generalist",3630810.42,11,1,1.7,11.8,13.7,"cup","ground","ground_nest","shrub_nest","built.structure",0,80,20,0,0,0,0,"ground","ground","understory",10358,12601,5760,"Spotted Towhee","Pipilo maculatus",NA,NA,0,30,0,0,50,0,30,70,30,0,3355,1,"Forest",5,"Herbivore",4,0.699,0
"PASSERIFORMES"," Icteriidae","Icteria virens","Yellow-breasted Chat","LC","",24.9,"Forest","semiopen",1,"Carnivore","Invertivore","Insessorial",6188045.96,9,1,1.1,16.3,21.3,"cup","shrub","shrub_nest","ground_nest","built.structure",0,30,70,0,0,0,0,"understory","understory",NA,10447,12799,5780,"Yellow-breasted Chat","Icteria virens",NA,NA,0,100,0,0,80,0,0,0,100,0,2100,0,"Woodland",2,"Invertebrate",2,1.398,0
"PASSERIFORMES"," Icteridae","Xanthocephalus xanthocephalus","Yellow-headed Blackbird","LC","",62.7,"Wetland","semiopen",2,"Herbivore","Granivore","Terrestrial",4756494.14,9,1,2,34.2,27,"cup","ground","ground_nest",NA,"built.structure",0,100,0,0,0,0,0,"ground","ground","understory",10448,13397,5790,"Yellow-headed Blackbird","Xanthocephalus xanthocephalus",NA,NA,20,20,0,0,100,0,0,90,10,0,1000,0,"Wetland",3,"Seed",2,1.222,0
"PASSERIFORMES"," Icteridae","Dolichonyx oryzivorus","Bobolink","LC","",31.5,"Grassland","dense",3,"Omnivore","Granivore","Generalist",3883605.76,10,1,1,32,35.4,"cup","ground","ground_nest","shrub_nest","built.structure",0,90,10,0,0,0,0,"ground","ground",NA,10449,13453,5800,"Bobolink","Dolichonyx oryzivorus",NA,NA,0,30,0,0,60,0,10,100,0,0,800,0,"Grassland",3,"Seed",2,1.222,0
"PASSERIFORMES"," Icteridae","Sturnella neglecta","Western Meadowlark","LC","",100.1,"Grassland","open",2,"Omnivore","Invertivore","Terrestrial",6719237.68,6.5,1,2,32.5,27.8,"cup","ground","ground_nest",NA,"built.structure",0,100,0,0,0,0,0,"ground","ground",NA,10450,13420,5810,"Western Meadowlark","Sturnella neglecta",NA,NA,0,0,0,0,50,0,50,100,0,0,3700,0,"Grassland",4,"Invertebrate",2,1.097,0
"PASSERIFORMES"," Icteridae","Icterus spurius","Orchard Oriole","LC","Rare/Accidental",19.4,"Forest","semiopen",3,"Carnivore","Invertivore","Insessorial",4790205.22,11,1,1.5,20.9,26.9,"pend","tree","live_tree_nest","any_tree_nest","built.structure",60,0,40,0,60,0,60,NA,"understory","ground",10505,13384,5830,"Orchard Oriole","Icterus spurius",NA,NA,0,100,0,0,40,30,0,30,50,20,900,6,"Woodland",7,"Omnivore",3,0.678,0
"PASSERIFORMES"," Icteridae","Icterus cucullatus","Hooded Oriole","LC","Rare/Accidental",24.3,"Woodland","semiopen",2,"Omnivore","Omnivore","Insessorial",1181319.94,10,0,2,16.4,20,"pend","tree","live_tree_nest","any_tree_nest","built.structure",90,0,10,0,90,20,70,NA,"understory","canopy",10503,13383,5840,"Hooded Oriole","Icterus cucullatus",NA,NA,0,100,0,0,40,30,0,0,50,50,2000,4,"Woodland",4,"Omnivore",3,0.921,0
"PASSERIFORMES"," Icteridae","Icterus bullockii","Bullock's Oriole","LC","",32.8,"Forest","dense",3,"Omnivore","Invertivore","Insessorial",4604558.64,8,1.75,1,25.5,27.4,"pend","tree","live_tree_nest","any_tree_nest","built.structure",100,0,0,0,100,0,100,NA,"canopy","ground",10491,13381,5850,"Bullock's Oriole","Icterus bullockii","Icterus galbula;Icterus bullockiorum",NA,20,80,0,0,60,30,0,30,20,50,3000,0,"Woodland",3,"Omnivore",3,1.046,0
"PASSERIFORMES"," Icteridae","Agelaius phoeniceus","Red-winged Blackbird","LC","",50.8,"Wetland","open",3,"Herbivore","Granivore","Generalist",13703226.95,15,1.2,1.8,27.8,24,"cup","ground","ground_nest",NA,"built.structure",0,100,0,0,0,0,0,"ground","ground","understory",10522,13402,5910,"Red-winged Blackbird","Agelaius phoeniceus",NA,NA,20,20,0,0,50,0,50,90,10,0,2500,0,"Wetland",4,"Seed",2,1.097,0
"PASSERIFORMES"," Icteridae","Molothrus ater","Brown-headed Cowbird","LC","",40.3,"Forest","semiopen",3,"Carnivore","Invertivore","Terrestrial",11727469.53,15,1.7,8,33.9,33,"paras",NA,"ground_nest","shrub_nest","paras",20,50,30,0,20,10,10,"ground","ground","understory",10527,13450,5940,"Brown-headed Cowbird","Molothrus ater",NA,NA,0,0,0,0,40,0,60,80,10,10,2895,2,"Grassland",4,"Seed",2,1.097,0
"PASSERIFORMES"," Icteridae","Euphagus carolinus","Rusty Blackbird","VU","Vulnerable",59.6,"Forest","semiopen",3,"Omnivore","Omnivore","Terrestrial",7275943.03,8,1,1,32.1,28,"cup","tree","live_tree_nest","any_tree_nest","built.structure",70,0,30,0,70,40,30,"ground","ground","understory",10533,13442,5950,"Rusty Blackbird","Euphagus carolinus",NA,NA,0,0,0,0,100,0,0,70,30,0,1465,3,"Wetland",6,"Omnivore",3,0.745,0
"PASSERIFORMES"," Icteridae","Euphagus cyanocephalus","Brewer's Blackbird","LC","",62.5,"Human Modified","open",2,"Carnivore","Omnivore","Terrestrial",5280448.27,12,1,1.5,39.1,31.2,"cup","tree","live_tree_nest","any_tree_nest","built.structure",60,20,20,0,60,40,20,"ground","ground",NA,10534,13443,5960,"Brewer's Blackbird","Euphagus cyanocephalus",NA,NA,20,20,0,0,100,0,0,100,0,0,3710,0,"Artificial",5,"Seed",2,1,0
"PASSERIFORMES"," Icteridae","Quiscalus quiscula","Common Grackle","NT","Near-threatened",105.2,"Wetland","open",2,"Carnivore","Omnivore","Terrestrial",8216640.27,20,1,1.2,34.3,25.9,"cup","tree","live_tree_nest","any_tree_nest","built.structure",100,0,0,0,100,40,60,"ground","ground","understory",10535,13439,5970,"Common Grackle","Quiscalus quiscula",NA,NA,0,40,0,0,40,0,40,70,20,10,1000,2,"Woodland",6,"Omnivore",3,0.745,0
"PASSERIFORMES"," Icteridae","Quiscalus mexicanus","Great-tailed Grackle","LC","Rare/Accidental",160.5,"Human Modified","open",1,"Omnivore","Omnivore","Terrestrial",5121812.21,12.5,2,1.5,46,26.8,"cup",NA,"live_tree_nest","any_tree_nest","built.structure",50,30,20,0,50,0,50,"ground","ground","understory",10540,13435,5990,"Great-tailed Grackle","Quiscalus mexicanus",NA,NA,0,0,0,0,80,0,20,80,10,10,2300,0,"Artificial",8,"Invertebrate",2,0.796,0
"PASSERIFORMES"," Parulidae","Seiurus aurocapilla","Ovenbird","LC","",18.8,"Forest","dense",3,"Carnivore","Invertivore","Terrestrial",5222797.22,11,1,1,18.3,24.9,"oven","ground","ground_nest",NA,"built.structure",0,100,0,0,0,0,0,"ground","ground","understory",10562,12724,6000,"Ovenbird","Seiurus aurocapilla",NA,NA,0,0,0,0,70,0,10,80,20,0,1900,1,"Forest",2,"Invertebrate",2,1.398,0
"PASSERIFORMES"," Parulidae","Parkesia noveboracensis","Northern Waterthrush","LC","",16.3,"Shrubland","dense",3,"Carnivore","Invertivore","Terrestrial",7602956.73,8,1,1,21,28,"cup","ground","ground_nest","bank_nest","built.structure",0,90,0,0,0,0,0,"ground","ground","understory",10565,12725,6030,NA,"Seiurus noveboracensis","Parkesia noveboracensis","Seiurus noveboracensis",10,30,0,0,90,0,0,80,20,0,2000,5,"Wetland",7,"Invertebrate",1,1.155,1
"PASSERIFORMES"," Parulidae","Vermivora chrysoptera","Golden-winged Warbler","NT","Rare/Accidental Near-threatened",8.7,"Shrubland","semiopen",3,"Carnivore","Invertivore","Insessorial",946202.7,7,1,1,15.6,25.9,"cup","ground","ground_nest","shrub_nest","built.structure",0,80,20,0,0,0,0,NA,"understory","canopy",10567,12669,6050,"Golden-winged Warbler","Vermivora chrysoptera",NA,NA,0,100,0,0,100,0,0,0,50,50,2000,5,"Grassland",5,"Invertebrate",1,1.301,0
"PASSERIFORMES"," Parulidae","Vermivora cyanoptera","Blue-winged Warbler","LC","Rare/Accidental",8.9,"Shrubland","dense",3,"Carnivore","Invertivore","Insessorial",1491745.35,7,1,1,14.3,25.2,"cup","ground","ground_nest","tangle_nest","built.structure",0,60,0,0,0,0,0,NA,"understory","canopy",10568,12668,6060,NA,"Vermivora pinus","Vermivora cyanoptera","Vermivora pinus",0,100,0,0,100,0,0,0,50,50,1500,0,"Shrub",3,"Invertebrate",1,1.523,0
"PASSERIFORMES"," Parulidae","Mniotilta varia","Black-and-white Warbler","LC","",10.9,"Forest","dense",3,"Carnivore","Invertivore","Insessorial",5385503.08,11,1,1.1,17,25.5,"cup","ground","ground_nest",NA,"built.structure",0,100,0,0,0,0,0,"canopy","canopy","understory",10569,12719,6070,"Black-and-white Warbler","Mniotilta varia",NA,NA,30,0,70,0,80,0,0,0,20,80,2500,0,"Woodland",2,"Invertebrate",1,1.699,0
"PASSERIFORMES"," Parulidae","Protonotaria citrea","Prothonotary Warbler","LC","Rare/Accidental",14.3,"Forest","dense",3,"Carnivore","Invertivore","Insessorial",2173071.74,8,1,1.5,20.9,30,"cavity","snag","any_tree_nest","snag_nest","cavity",90,0,0,60,30,20,10,"canopy","canopy","understory",10570,12721,6080,"Prothonotary Warbler","Protonotaria citrea",NA,NA,0,40,60,0,70,10,10,0,20,80,1300,3,"Woodland",4,"Invertebrate",1,1.398,0
"PASSERIFORMES"," Parulidae","Leiothlypis peregrina","Tennessee Warbler","LC","",8.9,"Forest","dense",3,"Carnivore","Invertivore","Insessorial",4777801.14,6,1,1,16.6,25.9,"cup","ground","ground_nest",NA,"built.structure",0,100,0,0,0,0,0,"canopy","canopy","understory",10574,12670,6100,NA,"Vermivora peregrina","Leiothlypis peregrina","Vermivora peregrina",0,100,0,0,70,10,0,0,30,70,3000,1,"Forest",4,"Invertebrate",3,0.921,0
"PASSERIFORMES"," Parulidae","Leiothlypis celata","Orange-crowned Warbler","LC","",9.2,"Shrubland","dense",3,"Carnivore","Invertivore","Insessorial",7482895.14,6,1.2,1.5,13.8,23,"cup","ground","ground_nest","shrub_nest","built.structure",0,70,20,0,0,0,0,NA,"understory","canopy",10575,12671,6110,NA,"Vermivora celata","Leiothlypis celata","Vermivora celata",0,100,0,0,70,10,0,0,50,50,3350,0,"Shrub",2,"Invertebrate",2,1.398,0
"PASSERIFORMES"," Parulidae","Leiothlypis luciae","Lucy's Warbler","LC","Rare/Accidental",6.6,"Forest","semiopen",3,"Carnivore","Invertivore","Insessorial",391345.28,6,1,1.5,13.2,23.7,"cavity","tree","any_tree_nest","live_tree_nest","cavity",90,0,0,30,60,0,60,"canopy","canopy","understory",10577,12677,6130,NA,"Vermivora luciae","Leiothlypis luciae","Vermivora luciae",30,70,0,0,100,0,0,0,20,80,920,0,"Woodland",3,"Invertebrate",1,1.523,0
"PASSERIFORMES"," Parulidae","Leiothlypis ruficapilla","Nashville Warbler","LC","",8.1,"Forest","dense",3,"Carnivore","Invertivore","Insessorial",2772463.48,10,1,1,13.3,23.6,"cup","ground","ground_nest",NA,"built.structure",0,100,0,0,0,0,0,"canopy","canopy","understory",10578,12672,6140,NA,"Vermivora ruficapilla","Leiothlypis ruficapilla","Vermivora ruficapilla",0,60,0,0,80,10,0,0,40,60,3000,0,"Woodland",2,"Invertebrate",1,1.699,0
"PASSERIFORMES"," Parulidae","Oporornis agilis","Connecticut Warbler","LC","",13.3,"Forest","dense",3,"Carnivore","Invertivore","Terrestrial",1182795.25,5,1,1,21.3,30.4,"cup","ground","ground_nest","shrub_nest","built.structure",0,90,10,0,0,0,0,"ground","ground","understory",10581,12729,6160,"Connecticut Warbler","Oporornis agilis",NA,NA,0,40,0,0,80,0,0,80,20,0,1500,1,"Forest",4,"Invertebrate",3,0.921,0
"PASSERIFORMES"," Parulidae","Geothlypis tolmiei","MacGillivray's Warbler","LC","",10.4,"Forest","dense",3,"Carnivore","Invertivore","Generalist",2622229.48,7,1,1,13.2,22.9,"cup","ground","ground_nest","shrub_nest","built.structure",0,80,20,0,0,0,0,NA,"ground","understory",10586,12731,6170,NA,"Oporornis tolmiei","Geothlypis tolmiei","Oporornis tolmiei",0,20,20,0,100,0,0,50,50,0,3000,1,"Forest",2,"Invertebrate",1,1.699,0
"PASSERIFORMES"," Parulidae","Geothlypis philadelphia","Mourning Warbler","LC","",11.7,"Forest","dense",3,"Carnivore","Invertivore","Insessorial",2709565.27,8,1,1,15.1,25.3,"cup","ground","ground_nest","shrub_nest","built.structure",0,60,20,0,0,0,0,NA,"ground","understory",10587,12730,6180,NA,"Oporornis philadelphia","Geothlypis philadelphia","Oporornis philadelphia",0,60,0,0,90,0,0,50,50,0,3300,1,"Forest",3,"Invertebrate",3,1.046,0
"PASSERIFORMES"," Parulidae","Geothlypis formosa","Kentucky Warbler","LC","Rare/Accidental",14,"Forest","dense",3,"Carnivore","Invertivore","Generalist",1970256.38,7,1.2,1.25,16.6,24.9,"cup","ground","ground_nest","shrub_nest","built.structure",0,90,10,0,0,0,0,"ground","ground","understory",10588,12728,6190,NA,"Oporornis formosus","Geothlypis formosa","Oporornis formosus",0,40,0,0,80,0,10,80,20,0,1500,1,"Forest",4,"Invertebrate",1,1.398,0
"PASSERIFORMES"," Parulidae","Geothlypis trichas","Common Yellowthroat","LC","",9.5,"Wetland","dense",3,"Carnivore","Invertivore","Insessorial",12826786.25,11,1,1.5,8.5,16.1,"cup",NA,"ground_nest","shrub_nest","built.structure",0,50,50,0,0,0,0,"understory","understory","canopy",10595,12733,6200,"Common Yellowthroat","Geothlypis trichas",NA,NA,20,50,20,0,100,0,0,0,80,20,4600,0,"Wetland",2,"Invertebrate",1,1.699,0
"PASSERIFORMES"," Parulidae","Setophaga citrina","Hooded Warbler","LC","Rare/Accidental",10.5,"Forest","semiopen",3,"Carnivore","Invertivore","Insessorial",2007300.04,8,1,1,13.6,21.5,"cup","shrub","shrub_nest","ground_nest","built.structure",0,40,60,0,0,0,0,"understory","understory",NA,10601,12751,6210,NA,"Wilsonia citrina","Setophaga citrina","Wilsonia citrina",20,60,0,0,100,0,0,0,100,0,1100,0,"Woodland",3,"Invertebrate",1,1.523,0
"PASSERIFORMES"," Parulidae","Setophaga ruticilla","American Redstart","LC","",8.2,"Forest","dense",3,"Carnivore","Invertivore","Insessorial",6675504.95,12,1.5,1,15.6,24.6,"cup","tree","live_tree_nest","any_tree_nest","built.structure",60,0,40,0,60,0,60,"canopy","canopy",NA,10602,12720,6220,"American Redstart","Setophaga ruticilla",NA,NA,0,40,0,0,80,0,10,0,0,100,3000,0,"Woodland",3,"Invertebrate",2,1.222,0
"PASSERIFORMES"," Parulidae","Setophaga tigrina","Cape May Warbler","LC","",10,"Forest","dense",3,"Omnivore","Invertivore","Insessorial",2530023.76,5,1.25,1,17.5,26.7,"cup","tree","live_tree_nest","any_tree_nest","built.structure",100,0,0,0,100,100,0,"canopy","canopy","aerial",10604,12690,6240,NA,"Dendroica tigrina","Setophaga tigrina","Dendroica tigrina",30,70,0,0,60,20,0,0,0,80,1500,1,"Forest",4,"Invertebrate",4,0.796,0
"PASSERIFORMES"," Parulidae","Setophaga americana","Northern Parula","LC","Rare/Accidental",7.8,"Forest","semiopen",3,"Carnivore","Invertivore","Insessorial",3355702.9,7,1,1.2,15.5,28.1,"pend","tree","live_tree_nest","any_tree_nest","built.structure",100,0,0,0,100,20,80,"canopy","canopy",NA,10606,12678,6260,NA,"Parula americana","Setophaga americana","Parula americana",20,60,0,0,70,10,10,0,0,100,2500,1,"Forest",1,"Invertebrate",5,1.301,0
"PASSERIFORMES"," Parulidae","Setophaga magnolia","Magnolia Warbler","LC","",8.1,"Forest","dense",3,"Carnivore","Invertivore","Insessorial",3661483.1,8,1,1,12.6,21.1,"cup","tree","live_tree_nest","any_tree_nest","built.structure",80,0,20,0,80,80,0,"canopy","canopy","understory",10609,12689,6280,NA,"Dendroica magnolia","Setophaga magnolia","Dendroica magnolia",10,0,30,0,100,0,0,0,20,80,1500,1,"Forest",4,"Invertebrate",2,1.097,0
"PASSERIFORMES"," Parulidae","Setophaga castanea","Bay-breasted Warbler","LC","",11.8,"Forest","dense",3,"Omnivore","Invertivore","Insessorial",2650066.12,4,1,1,22,30.6,"cup","tree","live_tree_nest","any_tree_nest","built.structure",100,0,0,0,100,100,0,"canopy","canopy",NA,10610,12712,6290,NA,"Dendroica castanea","Setophaga castanea","Dendroica castanea",30,0,0,0,60,10,0,0,0,100,1100,1,"Forest",3,"Invertebrate",2,1.222,1
"PASSERIFORMES"," Parulidae","Setophaga fusca","Blackburnian Warbler","LC","Rare/Accidental",9.7,"Forest","dense",3,"Carnivore","Invertivore","Insessorial",2026720.02,8,1,1,21.9,32.4,"cup","tree","live_tree_nest","any_tree_nest","built.structure",100,0,0,0,100,100,0,"canopy","canopy","aerial",10611,12701,6300,NA,"Dendroica fusca","Setophaga fusca","Dendroica fusca",10,70,10,0,80,0,0,0,0,80,2500,1,"Forest",3,"Invertebrate",2,1.222,0
"PASSERIFORMES"," Parulidae","Setophaga petechia","Yellow Warbler","LC","",10.2,"Shrubland","dense",3,"Carnivore","Invertivore","Insessorial",15552185.22,8,1,1.1,14.1,23.6,"cup",NA,"live_tree_nest","any_tree_nest","built.structure",50,10,40,0,50,25,25,"canopy","canopy","understory",10612,12683,6310,NA,"Dendroica petechia","Setophaga petechia","Dendroica petechia",10,60,20,0,100,0,0,0,20,80,300,3,"Coastal",4,"Invertebrate",1,1.398,0
"PASSERIFORMES"," Parulidae","Setophaga pensylvanica","Chestnut-sided Warbler","LC","Rare/Accidental",9.3,"Forest","semiopen",3,"Carnivore","Invertivore","Insessorial",2422614.2,6,1,1,16.9,26.6,"cup","shrub","shrub_nest",NA,"built.structure",0,0,100,0,0,0,0,"canopy","canopy","understory",10613,12688,6320,NA,"Dendroica pensylvanica","Setophaga pensylvanica","Dendroica pensylvanica",20,60,0,0,80,0,10,0,20,80,1300,1,"Forest",4,"Invertebrate",3,0.921,0
"PASSERIFORMES"," Parulidae","Setophaga striata","Blackpoll Warbler","NT","Near-threatened",11.8,"Forest","dense",3,"Carnivore","Invertivore","Insessorial",6353206.91,8,1.7,1.65,23.2,31.3,"cup","tree","live_tree_nest","any_tree_nest","built.structure",100,0,0,0,100,100,0,"canopy","canopy",NA,10614,12713,6330,NA,"Dendroica striata","Setophaga striata","Dendroica striata",20,60,20,0,70,10,10,0,0,100,3000,1,"Forest",2,"Invertebrate",3,1.222,0
"PASSERIFORMES"," Parulidae","Setophaga caerulescens","Black-throated Blue Warbler","LC","Rare/Accidental",10.1,"Forest","dense",3,"Carnivore","Invertivore","Insessorial",1168234.94,9,1.2,1,14.9,24.1,"cup","shrub","shrub_nest","live_tree_nest","built.structure",40,0,60,0,40,40,0,"canopy","canopy","understory",10615,12691,6340,NA,"Dendroica caerulescens","Setophaga caerulescens","Dendroica caerulescens",20,40,0,0,70,10,10,0,40,60,1600,2,"Woodland",4,"Invertebrate",4,0.796,0
"PASSERIFORMES"," Parulidae","Setophaga palmarum","Palm Warbler","LC","",10.3,"Forest","dense",3,"Carnivore","Invertivore","Insessorial",3394685.27,6,1,1.1,12.7,20.1,"cup","ground","ground_nest","shrub_nest","built.structure",20,60,20,0,20,0,20,"ground","ground",NA,10616,12711,6350,NA,"Dendroica palmarum","Setophaga palmarum","Dendroica palmarum",10,30,0,0,70,10,10,100,0,0,1890,0,"Shrub",4,"Invertebrate",4,0.796,0
"PASSERIFORMES"," Parulidae","Setophaga pinus","Pine Warbler","LC","Rare/Accidental",11.8,"Forest","semiopen",3,"Carnivore","Invertivore","Insessorial",2073441.98,6,1,1.25,20.6,28.6,"cup","tree","live_tree_nest","any_tree_nest","built.structure",100,0,0,0,100,100,0,"canopy","canopy","ground",10618,12706,6360,NA,"Dendroica pinus","Setophaga pinus","Dendroica pinus",10,40,50,0,70,10,10,20,0,80,3050,1,"Forest",4,"Invertebrate",3,0.921,0
"PASSERIFORMES"," Parulidae","Setophaga coronata","Yellow-rumped Warbler","LC","",11.9,"Forest","dense",3,"Carnivore","Invertivore","Insessorial",7207362.84,7,1,1.1,17.6,24.5,"cup","tree","live_tree_nest","any_tree_nest","built.structure",100,0,0,0,100,100,0,NA,"understory","canopy",10620,12692,6370,NA,"Dendroica coronata","Setophaga coronata","Dendroica coronata",20,60,0,0,70,10,10,0,50,50,1140,1,"Forest",7,"Invertebrate",2,0.854,0
"PASSERIFORMES"," Parulidae","Setophaga dominica","Yellow-throated Warbler","LC","Rare/Accidental",9.7,"Forest","semiopen",3,"Carnivore","Invertivore","Insessorial",1925341.63,5,1,1.5,18.8,27.7,"cup","tree","live_tree_nest","any_tree_nest","built.structure",100,0,0,0,100,100,0,"canopy","canopy",NA,10621,12702,6380,NA,"Dendroica dominica","Setophaga dominica","Dendroica dominica",10,30,60,0,100,0,0,0,0,100,1800,1,"Forest",5,"Invertebrate",1,1.301,0
"PASSERIFORMES"," Parulidae","Setophaga discolor","Prairie Warbler","LC","Rare/Accidental",7.6,"Shrubland","semiopen",3,"Carnivore","Invertivore","Insessorial",1565603.51,10,1,1.3,11.1,20,"cup","tree","any_tree_nest","shrub_nest","built.structure",60,0,30,30,30,30,0,"understory","understory","ground",10624,12709,6390,NA,"Dendroica discolor","Setophaga discolor","Dendroica discolor",10,60,0,0,80,10,0,20,60,20,1220,0,"Woodland",5,"Invertebrate",3,0.824,0
"PASSERIFORMES"," Parulidae","Setophaga nigrescens","Black-throated Gray Warbler","LC","",8.7,"Forest","dense",3,"Carnivore","Invertivore","Insessorial",1793686,8,1,1,14.8,23.4,"cup","tree","live_tree_nest","any_tree_nest","built.structure",100,0,0,0,100,100,0,"understory","understory",NA,10629,12696,6410,"Black-throated Grey Warbler","Dendroica nigrescens",NA,"Dendroica nigrescens",20,60,0,0,100,0,0,0,100,0,3000,2,"Woodland",2,"Invertebrate",1,1.699,0
"PASSERIFORMES"," Parulidae","Setophaga townsendi","Townsend's Warbler","LC","",8.8,"Forest","dense",3,"Carnivore","Invertivore","Insessorial",1406060.25,8,1,1,17.7,27.8,"cup","tree","live_tree_nest","any_tree_nest","built.structure",100,0,0,0,100,100,0,"canopy","canopy","understory",10630,12697,6420,NA,"Dendroica townsendi","Setophaga townsendi","Dendroica townsendi",30,70,0,0,100,0,0,0,20,80,3000,1,"Forest",2,"Invertebrate",4,1.097,1
"PASSERIFORMES"," Parulidae","Setophaga occidentalis","Hermit Warbler","LC","Rare/Accidental",10.4,"Forest","dense",3,"Carnivore","Invertivore","Insessorial",338854.99,4,1,1,18,26.9,"cup","tree","live_tree_nest","any_tree_nest","built.structure",100,0,0,0,100,100,0,"canopy","canopy",NA,10631,12698,6430,NA,"Dendroica occidentalis","Setophaga occidentalis","Dendroica occidentalis",20,60,0,0,100,0,0,0,0,100,2800,1,"Forest",2,"Invertebrate",2,1.398,0
"PASSERIFORMES"," Parulidae","Setophaga virens","Black-throated Green Warbler","LC","",8.7,"Forest","dense",3,"Omnivore","Invertivore","Insessorial",3340613.66,6,1,1,16.5,26.5,"cup","tree","live_tree_nest","any_tree_nest","built.structure",100,0,0,0,100,100,0,"canopy","canopy","understory",10633,12699,6450,NA,"Dendroica virens","Setophaga virens","Dendroica virens",10,60,20,0,60,0,0,0,20,80,3000,1,"Forest",5,"Invertebrate",3,0.824,0
"PASSERIFORMES"," Parulidae","Cardellina canadensis","Canada Warbler","LC","",10,"Forest","dense",3,"Carnivore","Invertivore","Insessorial",2768373.43,8,1,1.1,16.5,25.9,"cup","ground","ground_nest",NA,"built.structure",0,100,0,0,0,0,0,"understory","understory","canopy",10666,12753,6470,NA,"Wilsonia canadensis","Cardellina canadensis","Wilsonia canadensis",0,30,0,0,90,0,0,0,60,40,3150,1,"Forest",3,"Invertebrate",1,1.523,1
"PASSERIFORMES"," Parulidae","Cardellina pusilla","Wilson's Warbler","LC","",7,"Forest","dense",3,"Carnivore","Invertivore","Insessorial",7961357.24,6,1,1.1,11.5,20.7,"cup","ground","ground_nest","tangle_nest","built.structure",0,80,0,0,0,0,0,"canopy","canopy","understory",10667,12752,6480,NA,"Wilsonia pusilla","Cardellina pusilla","Wilsonia pusilla",20,60,20,0,80,10,0,0,20,80,2700,0,"Woodland",2,"Invertebrate",2,1.398,0
"PASSERIFORMES"," Parulidae","Myioborus pictus","Painted Redstart","LC","Rare/Accidental",9.8,"Forest","semiopen",1,"Carnivore","Invertivore","Insessorial",1124631.5,8,1,1.2,14.8,20.2,"cup","ground","ground_nest","bank_nest","built.structure",0,80,0,0,0,0,0,"understory","understory",NA,10671,12757,6500,"Painted Redstart","Myioborus pictus",NA,NA,0,60,20,0,80,20,0,0,100,0,2000,1,"Forest",1,"Invertebrate",1,2,0
"PASSERIFORMES"," Cardinalidae","Piranga rubra","Summer Tanager","LC","Rare/Accidental",29.1,"Forest","dense",3,"Carnivore","Invertivore","Insessorial",3269576.69,5,1,1.3,27.9,29.2,"cup","tree","live_tree_nest","any_tree_nest","built.structure",100,0,0,0,100,40,60,"canopy","canopy","understory",10739,12913,6520,"Summer Tanager","Piranga rubra",NA,NA,20,60,0,0,90,0,0,0,20,60,2500,1,"Forest",4,"Invertebrate",2,1.097,0
"PASSERIFORMES"," Cardinalidae","Piranga olivacea","Scarlet Tanager","LC","Rare/Accidental",28.2,"Forest","dense",3,"Carnivore","Invertivore","Insessorial",2605301.09,10,1,1.1,29.5,30.9,"saucer","tree","live_tree_nest","any_tree_nest","built.structure",100,0,0,0,100,40,60,"canopy","canopy","ground",10738,12915,6530,"Scarlet Tanager","Piranga olivacea",NA,NA,10,30,0,0,80,0,0,10,10,80,2600,1,"Forest",3,"Invertebrate",2,1.222,0
"PASSERIFORMES"," Cardinalidae","Piranga ludoviciana","Western Tanager","LC","",28.1,"Forest","dense",3,"Carnivore","Invertivore","Insessorial",3662121.88,7,1,1,27.2,28.6,"cup","tree","live_tree_nest","any_tree_nest","built.structure",100,0,0,0,100,90,10,"canopy","canopy","aerial",10741,12916,6540,"Western Tanager","Piranga ludoviciana",NA,NA,30,70,0,0,80,0,0,0,0,70,2750,2,"Woodland",5,"Invertebrate",2,1,0
"PASSERIFORMES"," Cardinalidae","Cardinalis cardinalis","Northern Cardinal","LC","Rare/Accidental",42.6,"Shrubland","semiopen",1,"Herbivore","Omnivore","Insessorial",5834572.06,15,1,2.5,14.2,15.5,"cup",NA,"shrub_nest","live_tree_nest","built.structure",30,0,50,0,30,10,20,NA,"ground","canopy",10744,13277,6550,"Northern Cardinal","Cardinalis cardinalis",NA,NA,0,0,0,0,20,0,0,40,20,40,2000,2,"Shrub",2,"Omnivore",4,1.097,0
"PASSERIFORMES"," Cardinalidae","Pheucticus ludovicianus","Rose-breasted Grosbeak","LC","",42,"Forest","semiopen",3,"Herbivore","Omnivore","Insessorial",3980871.24,12,1.7,1.1,27.4,26.5,"cup",NA,"live_tree_nest","any_tree_nest","built.structure",50,0,30,0,50,20,30,"canopy","canopy","ground",10703,13275,6570,"Rose-breasted Grosbeak","Pheucticus ludovicianus",NA,NA,10,60,10,0,50,0,20,20,20,60,2000,1,"Forest",5,"Omnivore",3,0.824,0
"PASSERIFORMES"," Cardinalidae","Pheucticus melanocephalus","Black-headed Grosbeak","LC","",47.1,"Forest","semiopen",3,"Carnivore","Invertivore","Insessorial",4524419.42,9,1.3,1,24.3,24.2,"cup","tree","live_tree_nest","any_tree_nest","built.structure",80,0,20,0,80,60,20,"canopy","canopy","ground",10704,13276,6580,"Black-headed Grosbeak","Pheucticus melanocephalus",NA,NA,0,100,0,0,70,0,10,10,0,90,2100,1,"Forest",5,"Invertebrate",3,0.824,0
"PASSERIFORMES"," Cardinalidae","Passerina caerulea","Blue Grosbeak","LC","Rare/Accidental",27.4,"Forest","semiopen",3,"Carnivore","Invertivore","Generalist",5300267.2,6,1,1.5,19.9,22.9,"cup",NA,"live_tree_nest","any_tree_nest","built.structure",50,0,40,0,50,20,30,"ground","ground",NA,10712,13309,6590,"Blue Grosbeak","Passerina caerulea",NA,NA,0,30,0,0,40,0,30,100,0,0,2500,4,"Woodland",6,"Omnivore",2,0.921,0
"PASSERIFORMES"," Cardinalidae","Passerina amoena","Lazuli Bunting","LC","",15.5,"Shrubland","semiopen",3,"Herbivore","Omnivore","Insessorial",2824052.43,11,1.25,1,16.5,23.4,"cup","shrub","shrub_nest","tangle_nest","built.structure",20,0,60,0,20,10,10,NA,"ground","understory",10713,13311,6600,"Lazuli Bunting","Passerina amoena",NA,NA,0,40,0,0,50,0,50,50,50,0,3000,3,"Shrub",3,"Omnivore",3,1.046,0
"PASSERIFORMES"," Cardinalidae","Passerina cyanea","Indigo Bunting","LC","Rare/Accidental",14.7,"Shrubland","semiopen",3,"Herbivore","Granivore","Terrestrial",5700834.65,11,1,1.75,14.7,22.5,"cup","shrub","shrub_nest","tangle_nest","built.structure",20,0,60,0,20,10,10,NA,"ground","understory",10711,13313,6610,"Indigo Bunting","Passerina cyanea",NA,NA,0,60,0,0,0,0,100,40,40,20,2300,0,"Shrub",6,"Omnivore",4,0.62,0
"PASSERIFORMES"," Cardinalidae","Passerina ciris","Painted Bunting","LC","Rare/Accidental",15.5,"Shrubland","semiopen",3,"Herbivore","Granivore","Terrestrial",1410893.89,17,1.8,2,15,21.6,"cup","shrub","shrub_nest","live_tree_nest","built.structure",30,0,70,0,30,15,15,NA,"ground","understory",10717,13315,6630,"Painted Bunting","Passerina ciris",NA,NA,0,30,0,0,0,0,100,50,50,0,2200,0,"Shrub",3,"Seed",2,1.222,0
"PASSERIFORMES"," Cardinalidae","Spiza americana","Dickcissel","LC","Rare/Accidental",26.2,"Grassland","open",3,"Omnivore","Omnivore","Terrestrial",3462252.57,4,1,1,20.3,26.4,"cup","ground","ground_nest","shrub_nest","built.structure",10,80,10,0,10,0,10,"ground","ground",NA,10710,13269,6640,"Dickcissel","Spiza americana",NA,NA,0,0,0,0,0,0,100,100,0,0,1500,0,"Grassland",4,"Seed",2,1.097,0
"COLUMBIFORMES"," Columbidae","Ectopistes migratorius","Passenger Pigeon","EX","Rare/Accidental Extinct",NA,NA,NA,NA,NA,NA,NA,NA,NA,NA,NA,NA,NA,NA,NA,NA,NA,NA,NA,NA,NA,NA,NA,NA,NA,NA,NA,NA,NA,NA,NA,NA,NA,NA,NA,NA,NA,NA,NA,NA,NA,NA,NA,NA,NA,NA,1,"Forest",1,"Herbivore",3,1.523,0
"CHARADRIIFORMES"," Recurvirostridae","Himantopus mexicanus","Black-necked Stilt","","Rare/Accidental",176.8,"Wetland","open",2,"Carnivore","Aquatic predator","Terrestrial",9529678.04,10,1,1,117.5,51.9,"scrape","ground","ground_nest",NA,"open",0,100,0,0,0,0,0,"water","water",NA,NA,19902,1340,"Black-necked Stilt","Himantopus mexicanus",NA,NA,0,0,0,0,100,0,0,0,0,0,1000,0,"Wetland",1,"Invertebrate",3,1.523,0
"PELECANIFORMES"," Ardeidae","Butorides virescens","Green Heron","","",201.5,"Wetland","open",1,"Carnivore","Aquatic predator","Terrestrial",7166813.3,19,2,1.25,58,32.2,"platform","tree","live_tree_nest","any_tree_nest","platform",60,0,35,0,60,30,30,"water","water","ground",NA,19921,2725,"Green Heron","Butorides virescens",NA,NA,0,0,0,0,30,0,0,20,0,0,NA,1,"Forest",4,"Fish",3,0.921,0
"PASSERIFORMES"," Motacillidae","Anthus rubescens","American Pipit","LC","",20.7,"Grassland","open",3,"Carnivore","Invertivore","Terrestrial",12413847.38,5,1,1,24.1,28.4,"cup","ground","ground_nest",NA,"built.structure",0,100,0,0,0,0,0,"ground","ground","understory",NA,11885,5120,"American Pipit","Anthus rubescens","Anthus spinoletta",NA,20,0,0,0,80,0,10,90,10,0,3250,0,"Grassland",6,"Invertebrate",2,0.921,0
"PASSERIFORMES"," Fringillidae","Coccothraustes vespertinus","Evening Grosbeak","VU","Vulnerable",57.3,"Forest","dense",2,"Herbivore","Omnivore","Insessorial",3942604.88,15,1,1.2,37.6,34.2,"cup","tree","live_tree_nest","any_tree_nest","built.structure",90,0,10,0,90,50,40,NA,"understory","canopy",NA,12417,5140,"Evening Grosbeak","Coccothraustes vespertinus","Hesperiphona vespertina",NA,0,70,0,0,10,0,40,0,50,50,1500,1,"Forest",4,"Omnivore",3,0.921,0
"PASSERIFORMES"," Passerellidae","Spizelloides arborea","American Tree Sparrow","LC","",17.8,"Shrubland","semiopen",3,"Omnivore","Omnivore","Terrestrial",4982334.37,10,1,1,14.5,19.9,"cup","ground","ground_nest","shrub_nest","built.structure",0,60,40,0,0,0,0,"ground","ground","understory",NA,12559,5520,NA,"Spizella arborea","Passerella arborea;Spizelloides arborea","Spizella arborea",0,40,0,0,50,0,50,60,20,20,1000,0,"Shrub",6,"Omnivore",3,0.745,0
"PASSERIFORMES"," Passerellidae","Centronyx bairdii","Baird's Sparrow","LC","Rare/Accidental",18.1,"Grassland","open",3,"Herbivore","Granivore","Generalist",830096.01,7,1,1.25,12.3,19,"cup","ground","ground_nest",NA,"built.structure",0,100,0,0,0,0,0,"ground","ground","understory",NA,12553,910,NA,"Ammodramus bairdii","Passerculus bairdii;Centronyx bairdii","Ammodramus bairdii",0,0,0,0,50,0,50,90,10,0,800,0,"Grassland",3,"Omnivore",2,1.222,0
"PASSERIFORMES"," Icteridae","Icterus galbula","Baltimore Oriole","LC","",32.8,"Forest","dense",3,"Omnivore","Invertivore","Insessorial",4604558.64,11,1.8,1,25.5,27.4,"pend","tree","live_tree_nest","any_tree_nest","built.structure",100,0,0,0,100,0,100,"canopy","canopy","ground",NA,13379,5890,"Baltimore Oriole","Icterus galbula",NA,NA,20,80,0,0,60,20,0,30,10,60,1000,1,"Forest",5,"Invertebrate",3,0.824,0
